ID,LHS,LHS Type,RHS,Probability
1,A,preterminal,a,1.0
2,B,preterminal,b,1.0
3,C,preterminal,c,1.0
4,D,preterminal,d,1.0
5,E,preterminal,e,1.0
6,F,preterminal,f,1.0
7,G,preterminal,g,1.0
8,H,preterminal,h,1.0
9,I,preterminal,i,1.0
10,J,preterminal,j,1.0
11,K,preterminal,k,1.0
12,L,preterminal,l,1.0
13,M,preterminal,m,1.0
14,N,preterminal,n,1.0
15,O,preterminal,o,1.0
16,P,preterminal,p,1.0
17,Q,preterminal,q,1.0
18,R,preterminal,r,1.0
19,S2,preterminal,s,1.0
20,T,preterminal,t,1.0
21,U,preterminal,u,1.0
22,V,preterminal,v,1.0
23,W,preterminal,w,1.0
24,X,preterminal,x,1.0
25,Y,preterminal,y,1.0
26,Z,preterminal,z,1.0
27,AA,nonterminal,A B,0.7
28,AA,nonterminal,C D,0.3
29,BB,nonterminal,E F,0.7
30,BB,nonterminal,G H,0.3
31,CC,nonterminal,I J,0.7
32,CC,nonterminal,K L,0.3
33,DD,nonterminal,M N,0.7
34,DD,nonterminal,O P,0.3
35,EE,nonterminal,Q R,0.7
36,EE,nonterminal,S2 T,0.3
37,FF,nonterminal,U V,0.7
38,FF,nonterminal,W X,0.3
39,GG,nonterminal,Y Z,0.7
40,GG,nonterminal,A M,0.3
41,HH,nonterminal,E I,0.7
42,HH,nonterminal,O U,0.3
43,IIII,nonterminal,GG HH,0.3
44,IIII,nonterminal,EE FF,0.5
45,IIII,nonterminal,FF GG,0.2
46,JJJJ,nonterminal,AA HH,0.632
47,JJJJ,nonterminal,BB GG,0.368
48,KKKK,nonterminal,AA BB,0.5
49,KKKK,nonterminal,BB CC,0.2
50,KKKK,nonterminal,CC DD,0.3
51,LLLL,nonterminal,AA EE,0.5
52,LLLL,nonterminal,CC FF,0.3
53,LLLL,nonterminal,DD EE,0.2
54,MMMM,nonterminal,GG EE,0.8
55,MMMM,nonterminal,CC GG,0.1
56,MMMM,nonterminal,DD HH,0.1
57,OOOO,nonterminal,HH FF,1.0
61,S,nonterminal,JJJJ n3J,0.11111954044319822
62,S,nonterminal,IIII n3I,0.055579244378704463
63,S,nonterminal,MMMM n3M,0.03976622880915016
64,n3M,nonterminal,KKKK MMMM,0.999347045380346
65,n3M,nonterminal,KKKK JJJJ,0.000652954619653934
66,n3I,nonterminal,JJJJ MMMM,1.0
67,n3J,nonterminal,LLLL MMMM,0.20200958055847645
68,n3J,nonterminal,MMMM OOOO,0.7971725668886552
69,n3J,nonterminal,MMMM MMMM,0.00046734431592475756
70,n3J,nonterminal,JJJJ MMMM,0.0003505082369435682
71,S,nonterminal,KKKK n4K,0.026765439781657276
72,S,nonterminal,JJJJ n4J,0.025816955750559707
73,S,nonterminal,IIII n4I,0.02854547145645681
74,S,nonterminal,MMMM n4M,0.011069978006782524
75,n4M,nonterminal,KKKK n4MK,1.0
76,n4MK,nonterminal,OOOO OOOO,0.994131455399061
77,n4MK,nonterminal,JJJJ MMMM,0.005868544600938967
78,n4I,nonterminal,KKKK n4IK,0.48839326354119256
79,n4I,nonterminal,JJJJ n4IJ,0.5116067364588075
80,n4IJ,nonterminal,OOOO OOOO,1.0
81,n4IK,nonterminal,IIII MMMM,1.0
82,n4J,nonterminal,LLLL n4JL,0.21892299949672875
83,n4J,nonterminal,MMMM n4JM,0.7800704579768495
84,n4J,nonterminal,KKKK n4JK,0.0010065425264217413
85,n4JK,nonterminal,IIII MMMM,1.0
86,n4JM,nonterminal,IIII LLLL,1.0
87,n4JL,nonterminal,OOOO OOOO,1.0
88,n4K,nonterminal,IIII n4KI,1.0
89,n4KI,nonterminal,LLLL MMMM,0.21067961165048543
90,n4KI,nonterminal,MMMM OOOO,0.7893203883495146
91,S,nonterminal,KKKK n5K,0.006128272242123988
92,S,nonterminal,JJJJ n5J,0.002472126806801609
93,S,nonterminal,IIII n5I,0.009615272159086257
94,S,nonterminal,MMMM n5M,0.004892208838723184
95,n5M,nonterminal,KKKK n5MK,1.0
96,n5MK,nonterminal,OOOO n5MKO,0.5159574468085106
97,n5MK,nonterminal,IIII n5MKI,0.4787234042553192
98,n5MK,nonterminal,JJJJ n5MKJ,0.005319148936170213
99,n5MKJ,nonterminal,LLLL OOOO,1.0
100,n5MKI,nonterminal,LLLL OOOO,1.0
101,n5MKO,nonterminal,IIII LLLL,1.0
102,n5I,nonterminal,KKKK n5IK,0.39783491204330174
103,n5I,nonterminal,JJJJ n5IJ,0.6021650879566982
104,n5IJ,nonterminal,OOOO n5IJO,0.5101123595505618
105,n5IJ,nonterminal,IIII n5IJI,0.4898876404494382
106,n5IJI,nonterminal,LLLL OOOO,1.0
107,n5IJO,nonterminal,IIII LLLL,1.0
108,n5IK,nonterminal,IIII n5IKI,1.0
109,n5IKI,nonterminal,OOOO OOOO,1.0
110,n5J,nonterminal,LLLL n5JL,0.9894736842105263
111,n5J,nonterminal,MMMM n5JM,0.010526315789473684
112,n5JM,nonterminal,IIII n5JMI,1.0
113,n5JMI,nonterminal,JJJJ OOOO,1.0
114,n5JL,nonterminal,OOOO n5JLO,0.4946808510638298
115,n5JL,nonterminal,IIII n5JLI,0.5053191489361702
116,n5JLI,nonterminal,LLLL OOOO,1.0
117,n5JLO,nonterminal,IIII LLLL,1.0
118,n5K,nonterminal,IIII n5KI,1.0
119,n5KI,nonterminal,MMMM n5KIM,0.8174097664543525
120,n5KI,nonterminal,LLLL n5KIL,0.18259023354564755
121,n5KIL,nonterminal,OOOO OOOO,1.0
122,n5KIM,nonterminal,IIII LLLL,1.0
123,S,nonterminal,KKKK n6K,0.000473932782727783
124,S,nonterminal,JJJJ n6J,0.0003159551884851887
125,S,nonterminal,LLLL n6L,2.632959904043239e-05
126,S,nonterminal,IIII n6I,0.002369663913638915
127,S,nonterminal,MMMM n6M,0.0005529215798490802
128,n6M,nonterminal,KKKK n6MK,1.0
129,n6MK,nonterminal,IIII n6MKI,1.0
130,n6MKI,nonterminal,LLLL n6MKIL,1.0
131,n6MKIL,nonterminal,IIII LLLL,1.0
132,n6I,nonterminal,KKKK n6IK,0.7055555555555556
133,n6I,nonterminal,JJJJ n6IJ,0.29444444444444445
134,n6IJ,nonterminal,IIII n6IJI,1.0
135,n6IJI,nonterminal,LLLL n6IJIL,1.0
136,n6IJIL,nonterminal,IIII LLLL,1.0
137,n6IK,nonterminal,IIII n6IKI,1.0
138,n6IKI,nonterminal,IIII n6IKII,0.44881889763779526
139,n6IKI,nonterminal,OOOO n6IKIO,0.5511811023622047
140,n6IKIO,nonterminal,IIII LLLL,1.0
141,n6IKII,nonterminal,LLLL OOOO,1.0
142,n6L,nonterminal,IIII n6LI,1.0
143,n6LI,nonterminal,JJJJ n6LIJ,1.0
144,n6LIJ,nonterminal,IIII n6LIJI,1.0
145,n6LIJI,nonterminal,JJJJ LLLL,1.0
146,n6J,nonterminal,LLLL n6JL,1.0
147,n6JL,nonterminal,IIII n6JLI,1.0
148,n6JLI,nonterminal,LLLL n6JLIL,1.0
149,n6JLIL,nonterminal,IIII LLLL,1.0
150,n6K,nonterminal,IIII n6KI,1.0
151,n6KI,nonterminal,LLLL n6KIL,1.0
152,n6KIL,nonterminal,OOOO n6KILO,0.5277777777777778
153,n6KIL,nonterminal,IIII n6KILI,0.4722222222222222
154,n6KILI,nonterminal,LLLL OOOO,1.0
155,n6KILO,nonterminal,IIII LLLL,1.0
156,S,nonterminal,LLLL n7L,0.1261846034
157,n7I,nonterminal,KKKK n7IK,1.0
158,n7IK,nonterminal,IIII n7IKI,1.0
159,n7IKI,nonterminal,IIII n7IKII,1.0
160,n7IKII,nonterminal,LLLL n7IKIIL,1.0
161,n7IKIIL,nonterminal,IIII LLLL,1.0
162,n7L,nonterminal,JJJJ n7LJ,0.22074440663985978
163,n7L,nonterminal,IIII n7LI,0.7792555933601403
164,n7LI,nonterminal,JJJJ n7LIJ,0.19330510717120933
165,n7LI,nonterminal,IIII n7LII,0.4519714210108494
166,n7LI,nonterminal,MMMM n7LIM,0.3547234718179412
167,n7LIM,nonterminal,KKKK n7LIMK,1.0
168,n7LIMK,nonterminal,IIII n7LIMKI,0.7885117493472585
169,n7LIMK,nonterminal,JJJJ n7LIMKJ,0.21148825065274152
170,n7LIMKJ,nonterminal,MMMM KKKK,1.0
171,n7LIMKI,nonterminal,MMMM KKKK,0.3358561967833491
172,n7LIMKI,nonterminal,IIII JJJJ,0.478240302743614
173,n7LIMKI,nonterminal,JJJJ LLLL,0.1859035004730369
174,n7LII,nonterminal,JJJJ n7LIIJ,1.0
175,n7LIIJ,nonterminal,JJJJ n7LIIJJ,0.1990632318501171
176,n7LIIJ,nonterminal,IIII n7LIIJI,0.8009367681498829
177,n7LIIJI,nonterminal,IIII JJJJ,0.44371345029239767
178,n7LIIJI,nonterminal,MMMM KKKK,0.3702485380116959
179,n7LIIJI,nonterminal,JJJJ LLLL,0.18603801169590642
180,n7LIIJJ,nonterminal,MMMM KKKK,1.0
181,n7LIJ,nonterminal,LLLL n7LIJL,1.0
182,n7LIJL,nonterminal,IIII n7LIJLI,0.783025325119781
183,n7LIJL,nonterminal,JJJJ n7LIJLJ,0.21697467488021902
184,n7LIJLJ,nonterminal,MMMM KKKK,1.0
185,n7LIJLI,nonterminal,MMMM KKKK,0.388986013986014
186,n7LIJLI,nonterminal,IIII JJJJ,0.4554195804195804
187,n7LIJLI,nonterminal,JJJJ LLLL,0.1555944055944056
188,n7LJ,nonterminal,MMMM n7LJM,1.0
189,n7LJM,nonterminal,KKKK n7LJMK,1.0
190,n7LJMK,nonterminal,IIII n7LJMKI,0.7664642690331621
191,n7LJMK,nonterminal,JJJJ n7LJMKJ,0.23353573096683794
192,n7LJMKJ,nonterminal,MMMM KKKK,1.0
193,n7LJMKI,nonterminal,IIII JJJJ,0.4948202315661182
194,n7LJMKI,nonterminal,MMMM KKKK,0.3424741011578306
195,n7LJMKI,nonterminal,JJJJ LLLL,0.16270566727605118
196,n7K,nonterminal,IIII n7KI,1.0
197,n7KI,nonterminal,LLLL n7KIL,1.0
198,n7KIL,nonterminal,IIII n7KILI,1.0
199,n7KILI,nonterminal,LLLL n7KILIL,1.0
200,n7KILIL,nonterminal,IIII LLLL,1.0
201,S,nonterminal,KKKK n8K,0.05163043801373541
202,S,nonterminal,JJJJ n8J,0.2155531633556254
203,S,nonterminal,LLLL n8L,0.12613958124437633
204,S,nonterminal,IIII n8I,0.12423411007400086
205,S,nonterminal,MMMM n8M,0.0307485621740042
206,n8M,nonterminal,KKKK n8MK,1.0
207,n8MK,nonterminal,IIII n8MKI,0.1735993208828523
208,n8MK,nonterminal,OOOO n8MKO,0.8264006791171478
209,n8MKO,nonterminal,KKKK n8MKOK,0.06985105290190036
210,n8MKO,nonterminal,LLLL n8MKOL,0.9301489470980996
211,n8MKOL,nonterminal,JJJJ n8MKOLJ,0.13914964108227498
212,n8MKOL,nonterminal,LLLL n8MKOLL,0.2004417448923247
213,n8MKOL,nonterminal,KKKK n8MKOLK,0.041965764770844835
214,n8MKOL,nonterminal,MMMM n8MKOLM,0.018774157923799006
215,n8MKOL,nonterminal,IIII n8MKOLI,0.5996686913307565
216,n8MKOLI,nonterminal,JJJJ n8MKOLIJ,0.1841620626151013
217,n8MKOLI,nonterminal,MMMM n8MKOLIM,0.289134438305709
218,n8MKOLI,nonterminal,IIII n8MKOLII,0.4861878453038674
219,n8MKOLI,nonterminal,KKKK n8MKOLIK,0.040515653775322284
220,n8MKOLIK,nonterminal,IIII LLLL,0.75
221,n8MKOLIK,nonterminal,IIII OOOO,0.25
222,n8MKOLII,nonterminal,JJJJ IIII,0.13068181818181818
223,n8MKOLII,nonterminal,JJJJ JJJJ,0.5511363636363636
224,n8MKOLII,nonterminal,JJJJ MMMM,0.07765151515151515
225,n8MKOLII,nonterminal,JJJJ KKKK,0.10416666666666667
226,n8MKOLII,nonterminal,KKKK IIII,0.13636363636363635
227,n8MKOLIM,nonterminal,KKKK JJJJ,0.6464968152866242
228,n8MKOLIM,nonterminal,KKKK KKKK,0.16878980891719744
229,n8MKOLIM,nonterminal,KKKK MMMM,0.06050955414012739
230,n8MKOLIM,nonterminal,KKKK IIII,0.12420382165605096
231,n8MKOLIJ,nonterminal,OOOO KKKK,0.16
232,n8MKOLIJ,nonterminal,LLLL JJJJ,0.445
233,n8MKOLIJ,nonterminal,LLLL KKKK,0.14
234,n8MKOLIJ,nonterminal,LLLL MMMM,0.09
235,n8MKOLIJ,nonterminal,LLLL IIII,0.115
236,n8MKOLIJ,nonterminal,IIII LLLL,0.05
237,n8MKOLM,nonterminal,KKKK n8MKOLMK,1.0
238,n8MKOLMK,nonterminal,OOOO KKKK,0.8235294117647058
239,n8MKOLMK,nonterminal,IIII LLLL,0.17647058823529413
240,n8MKOLK,nonterminal,IIII n8MKOLKI,1.0
241,n8MKOLKI,nonterminal,MMMM KKKK,1.0
242,n8MKOLL,nonterminal,IIII n8MKOLLI,0.7741046831955923
243,n8MKOLL,nonterminal,JJJJ n8MKOLLJ,0.15702479338842976
244,n8MKOLL,nonterminal,KKKK n8MKOLLK,0.05234159779614325
245,n8MKOLL,nonterminal,MMMM n8MKOLLM,0.01652892561983471
246,n8MKOLLM,nonterminal,KKKK OOOO,1.0
247,n8MKOLLK,nonterminal,IIII MMMM,0.8421052631578947
248,n8MKOLLK,nonterminal,IIII LLLL,0.15789473684210525
249,n8MKOLLJ,nonterminal,MMMM KKKK,0.9649122807017544
250,n8MKOLLJ,nonterminal,LLLL OOOO,0.03508771929824561
251,n8MKOLLI,nonterminal,JJJJ LLLL,0.16370106761565836
252,n8MKOLLI,nonterminal,JJJJ OOOO,0.03558718861209965
253,n8MKOLLI,nonterminal,JJJJ IIII,0.014234875444839857
254,n8MKOLLI,nonterminal,IIII JJJJ,0.43416370106761565
255,n8MKOLLI,nonterminal,IIII KKKK,0.07473309608540925
256,n8MKOLLI,nonterminal,MMMM KKKK,0.23843416370106763
257,n8MKOLLI,nonterminal,KKKK IIII,0.03914590747330961
258,n8MKOLJ,nonterminal,MMMM n8MKOLJM,0.9325396825396826
259,n8MKOLJ,nonterminal,LLLL n8MKOLJL,0.06746031746031746
260,n8MKOLJL,nonterminal,OOOO KKKK,0.8823529411764706
261,n8MKOLJL,nonterminal,IIII LLLL,0.11764705882352941
262,n8MKOLJM,nonterminal,KKKK JJJJ,0.6
263,n8MKOLJM,nonterminal,KKKK IIII,0.15319148936170213
264,n8MKOLJM,nonterminal,KKKK KKKK,0.16170212765957448
265,n8MKOLJM,nonterminal,KKKK MMMM,0.0851063829787234
266,n8MKOK,nonterminal,JJJJ n8MKOKJ,0.7058823529411765
267,n8MKOK,nonterminal,KKKK n8MKOKK,0.13970588235294118
268,n8MKOK,nonterminal,IIII n8MKOKI,0.09558823529411764
269,n8MKOK,nonterminal,MMMM n8MKOKM,0.058823529411764705
270,n8MKOKM,nonterminal,KKKK n8MKOKMK,1.0
271,n8MKOKMK,nonterminal,OOOO LLLL,0.625
272,n8MKOKMK,nonterminal,IIII LLLL,0.375
273,n8MKOKI,nonterminal,JJJJ n8MKOKIJ,1.0
274,n8MKOKIJ,nonterminal,OOOO LLLL,0.6153846153846154
275,n8MKOKIJ,nonterminal,IIII LLLL,0.38461538461538464
276,n8MKOKK,nonterminal,IIII n8MKOKKI,1.0
277,n8MKOKKI,nonterminal,MMMM LLLL,1.0
278,n8MKOKJ,nonterminal,MMMM n8MKOKJM,1.0
279,n8MKOKJM,nonterminal,LLLL IIII,0.7604166666666666
280,n8MKOKJM,nonterminal,LLLL JJJJ,0.17708333333333334
281,n8MKOKJM,nonterminal,LLLL KKKK,0.03125
282,n8MKOKJM,nonterminal,LLLL MMMM,0.03125
283,n8MKI,nonterminal,LLLL n8MKIL,1.0
284,n8MKIL,nonterminal,LLLL n8MKILL,0.9388753056234719
285,n8MKIL,nonterminal,KKKK n8MKILK,0.061124694376528114
286,n8MKILK,nonterminal,JJJJ n8MKILKJ,0.8
287,n8MKILK,nonterminal,KKKK n8MKILKK,0.12
288,n8MKILK,nonterminal,IIII n8MKILKI,0.08
289,n8MKILKI,nonterminal,JJJJ OOOO,1.0
290,n8MKILKK,nonterminal,IIII MMMM,1.0
291,n8MKILKJ,nonterminal,MMMM LLLL,1.0
292,n8MKILL,nonterminal,LLLL n8MKILLL,0.21614583333333334
293,n8MKILL,nonterminal,JJJJ n8MKILLJ,0.12239583333333333
294,n8MKILL,nonterminal,IIII n8MKILLI,0.6276041666666666
295,n8MKILL,nonterminal,KKKK n8MKILLK,0.0234375
296,n8MKILL,nonterminal,MMMM n8MKILLM,0.010416666666666666
297,n8MKILLM,nonterminal,KKKK OOOO,1.0
298,n8MKILLK,nonterminal,IIII MMMM,1.0
299,n8MKILLI,nonterminal,MMMM KKKK,0.31950207468879666
300,n8MKILLI,nonterminal,IIII JJJJ,0.3651452282157676
301,n8MKILLI,nonterminal,IIII KKKK,0.07468879668049792
302,n8MKILLI,nonterminal,KKKK IIII,0.04564315352697095
303,n8MKILLI,nonterminal,JJJJ LLLL,0.13692946058091288
304,n8MKILLI,nonterminal,JJJJ OOOO,0.04979253112033195
305,n8MKILLI,nonterminal,JJJJ IIII,0.008298755186721992
306,n8MKILLJ,nonterminal,MMMM KKKK,0.8936170212765957
307,n8MKILLJ,nonterminal,LLLL OOOO,0.0425531914893617
308,n8MKILLJ,nonterminal,LLLL IIII,0.06382978723404255
309,n8MKILLL,nonterminal,IIII IIII,0.4457831325301205
310,n8MKILLL,nonterminal,IIII MMMM,0.20481927710843373
311,n8MKILLL,nonterminal,IIII JJJJ,0.10843373493975904
312,n8MKILLL,nonterminal,JJJJ MMMM,0.1927710843373494
313,n8MKILLL,nonterminal,MMMM KKKK,0.04819277108433735
314,n8I,nonterminal,KKKK n8IK,0.11083096963966803
315,n8I,nonterminal,JJJJ n8IJ,0.43481458136358864
316,n8I,nonterminal,IIII n8II,0.28500892950940226
317,n8I,nonterminal,MMMM n8IM,0.1693455194873411
318,n8IM,nonterminal,KKKK n8IMK,1.0
319,n8IMK,nonterminal,KKKK n8IMKK,0.15074441687344914
320,n8IMK,nonterminal,JJJJ n8IMKJ,0.6110421836228288
321,n8IMK,nonterminal,IIII n8IMKI,0.15694789081885857
322,n8IMK,nonterminal,MMMM n8IMKM,0.08126550868486353
323,n8IMKM,nonterminal,KKKK n8IMKMK,1.0
324,n8IMKMK,nonterminal,OOOO n8IMKMKO,0.7709923664122137
325,n8IMKMK,nonterminal,IIII n8IMKMKI,0.22900763358778625
326,n8IMKMKI,nonterminal,LLLL LLLL,1.0
327,n8IMKMKO,nonterminal,LLLL IIII,0.7920792079207921
328,n8IMKMKO,nonterminal,LLLL JJJJ,0.15841584158415842
329,n8IMKMKO,nonterminal,LLLL KKKK,0.04950495049504951
330,n8IMKI,nonterminal,JJJJ n8IMKIJ,0.8181818181818182
331,n8IMKI,nonterminal,KKKK n8IMKIK,0.18181818181818182
332,n8IMKIK,nonterminal,IIII n8IMKIKI,1.0
333,n8IMKIKI,nonterminal,OOOO LLLL,0.7608695652173914
334,n8IMKIKI,nonterminal,IIII LLLL,0.2391304347826087
335,n8IMKIJ,nonterminal,OOOO n8IMKIJO,0.8115942028985508
336,n8IMKIJ,nonterminal,IIII n8IMKIJI,0.18840579710144928
337,n8IMKIJI,nonterminal,LLLL LLLL,1.0
338,n8IMKIJO,nonterminal,LLLL IIII,0.7738095238095238
339,n8IMKIJO,nonterminal,LLLL JJJJ,0.17261904761904762
340,n8IMKIJO,nonterminal,LLLL KKKK,0.02976190476190476
341,n8IMKIJO,nonterminal,LLLL MMMM,0.023809523809523808
342,n8IMKJ,nonterminal,MMMM n8IMKJM,0.9208121827411168
343,n8IMKJ,nonterminal,LLLL n8IMKJL,0.07918781725888324
344,n8IMKJL,nonterminal,IIII n8IMKJLI,0.15384615384615385
345,n8IMKJL,nonterminal,OOOO n8IMKJLO,0.8461538461538461
346,n8IMKJLO,nonterminal,LLLL IIII,0.7121212121212122
347,n8IMKJLO,nonterminal,LLLL JJJJ,0.22727272727272727
348,n8IMKJLO,nonterminal,LLLL KKKK,0.06060606060606061
349,n8IMKJLI,nonterminal,LLLL LLLL,1.0
350,n8IMKJM,nonterminal,LLLL n8IMKJML,1.0
351,n8IMKJML,nonterminal,IIII JJJJ,0.15766262403528114
352,n8IMKJML,nonterminal,IIII MMMM,0.21719955898566704
353,n8IMKJML,nonterminal,IIII IIII,0.3472987872105843
354,n8IMKJML,nonterminal,IIII KKKK,0.03638368246968027
355,n8IMKJML,nonterminal,JJJJ MMMM,0.17089305402425578
356,n8IMKJML,nonterminal,JJJJ LLLL,0.020948180815876516
357,n8IMKJML,nonterminal,MMMM KKKK,0.012127894156560088
358,n8IMKJML,nonterminal,KKKK IIII,0.037486218302094816
359,n8IMKK,nonterminal,IIII n8IMKKI,1.0
360,n8IMKKI,nonterminal,MMMM n8IMKKIM,0.9053497942386831
361,n8IMKKI,nonterminal,LLLL n8IMKKIL,0.09465020576131687
362,n8IMKKIL,nonterminal,OOOO LLLL,0.6521739130434783
363,n8IMKKIL,nonterminal,IIII LLLL,0.34782608695652173
364,n8IMKKIM,nonterminal,LLLL JJJJ,0.19545454545454546
365,n8IMKKIM,nonterminal,LLLL IIII,0.75
366,n8IMKKIM,nonterminal,LLLL KKKK,0.03636363636363636
367,n8IMKKIM,nonterminal,LLLL MMMM,0.01818181818181818
368,n8II,nonterminal,KKKK n8IIK,0.19203833394765943
369,n8II,nonterminal,JJJJ n8IIJ,0.8079616660523405
370,n8IIJ,nonterminal,JJJJ n8IIJJ,0.6213503649635036
371,n8IIJ,nonterminal,IIII n8IIJI,0.14826642335766424
372,n8IIJ,nonterminal,KKKK n8IIJK,0.15145985401459855
373,n8IIJ,nonterminal,MMMM n8IIJM,0.07892335766423357
374,n8IIJM,nonterminal,KKKK n8IIJMK,1.0
375,n8IIJMK,nonterminal,OOOO n8IIJMKO,0.7861271676300579
376,n8IIJMK,nonterminal,IIII n8IIJMKI,0.2138728323699422
377,n8IIJMKI,nonterminal,LLLL LLLL,1.0
378,n8IIJMKO,nonterminal,LLLL IIII,0.8014705882352942
379,n8IIJMKO,nonterminal,LLLL JJJJ,0.16911764705882354
380,n8IIJMKO,nonterminal,LLLL KKKK,0.029411764705882353
381,n8IIJK,nonterminal,IIII n8IIJKI,1.0
382,n8IIJKI,nonterminal,MMMM n8IIJKIM,0.9156626506024096
383,n8IIJKI,nonterminal,LLLL n8IIJKIL,0.08433734939759036
384,n8IIJKIL,nonterminal,OOOO LLLL,0.7857142857142857
385,n8IIJKIL,nonterminal,IIII LLLL,0.21428571428571427
386,n8IIJKIM,nonterminal,LLLL IIII,0.7138157894736842
387,n8IIJKIM,nonterminal,LLLL JJJJ,0.18421052631578946
388,n8IIJKIM,nonterminal,LLLL MMMM,0.023026315789473683
389,n8IIJKIM,nonterminal,LLLL KKKK,0.07894736842105263
390,n8IIJI,nonterminal,JJJJ n8IIJIJ,0.8276923076923077
391,n8IIJI,nonterminal,KKKK n8IIJIK,0.1723076923076923
392,n8IIJIK,nonterminal,IIII n8IIJIKI,1.0
393,n8IIJIKI,nonterminal,OOOO LLLL,0.8392857142857143
394,n8IIJIKI,nonterminal,IIII LLLL,0.16071428571428573
395,n8IIJIJ,nonterminal,OOOO n8IIJIJO,0.8327137546468402
396,n8IIJIJ,nonterminal,IIII n8IIJIJI,0.16728624535315986
397,n8IIJIJI,nonterminal,LLLL LLLL,1.0
398,n8IIJIJO,nonterminal,LLLL JJJJ,0.22321428571428573
399,n8IIJIJO,nonterminal,LLLL IIII,0.7232142857142857
400,n8IIJIJO,nonterminal,LLLL KKKK,0.03571428571428571
401,n8IIJIJO,nonterminal,LLLL MMMM,0.017857142857142856
402,n8IIJJ,nonterminal,MMMM n8IIJJM,0.9243759177679882
403,n8IIJJ,nonterminal,LLLL n8IIJJL,0.07562408223201175
404,n8IIJJL,nonterminal,OOOO n8IIJJLO,0.8543689320388349
405,n8IIJJL,nonterminal,IIII n8IIJJLI,0.14563106796116504
406,n8IIJJLI,nonterminal,LLLL LLLL,1.0
407,n8IIJJLO,nonterminal,LLLL IIII,0.7727272727272727
408,n8IIJJLO,nonterminal,LLLL JJJJ,0.18181818181818182
409,n8IIJJLO,nonterminal,LLLL KKKK,0.045454545454545456
410,n8IIJJM,nonterminal,LLLL n8IIJJML,0.9984114376489277
411,n8IIJJM,nonterminal,KKKK n8IIJJMK,0.0015885623510722795
412,n8IIJJMK,nonterminal,OOOO LLLL,1.0
413,n8IIJJML,nonterminal,IIII IIII,0.3619729514717582
414,n8IIJJML,nonterminal,IIII JJJJ,0.15592680986475735
415,n8IIJJML,nonterminal,IIII MMMM,0.20763723150357996
416,n8IIJJML,nonterminal,IIII KKKK,0.03977724741447892
417,n8IIJJML,nonterminal,JJJJ MMMM,0.1662688941925219
418,n8IIJJML,nonterminal,JJJJ LLLL,0.00954653937947494
419,n8IIJJML,nonterminal,MMMM KKKK,0.023070803500397773
420,n8IIJJML,nonterminal,KKKK IIII,0.03579952267303103
421,n8IIK,nonterminal,IIII n8IIKI,1.0
422,n8IIKI,nonterminal,IIII n8IIKII,0.1362763915547025
423,n8IIKI,nonterminal,KKKK n8IIKIK,0.12476007677543186
424,n8IIKI,nonterminal,JJJJ n8IIKIJ,0.6391554702495201
425,n8IIKI,nonterminal,MMMM n8IIKIM,0.09980806142034548
426,n8IIKIM,nonterminal,KKKK n8IIKIMK,1.0
427,n8IIKIMK,nonterminal,IIII LLLL,0.1346153846153846
428,n8IIKIMK,nonterminal,OOOO LLLL,0.8653846153846154
429,n8IIKIJ,nonterminal,MMMM n8IIKIJM,0.9429429429429429
430,n8IIKIJ,nonterminal,LLLL n8IIKIJL,0.057057057057057055
431,n8IIKIJL,nonterminal,OOOO LLLL,0.7368421052631579
432,n8IIKIJL,nonterminal,IIII LLLL,0.2631578947368421
433,n8IIKIJM,nonterminal,LLLL IIII,0.7070063694267515
434,n8IIKIJM,nonterminal,LLLL JJJJ,0.2070063694267516
435,n8IIKIJM,nonterminal,LLLL KKKK,0.06050955414012739
436,n8IIKIJM,nonterminal,LLLL MMMM,0.025477707006369428
437,n8IIKIK,nonterminal,IIII n8IIKIKI,1.0
438,n8IIKIKI,nonterminal,MMMM LLLL,0.8923076923076924
439,n8IIKIKI,nonterminal,LLLL OOOO,0.1076923076923077
440,n8IIKII,nonterminal,JJJJ n8IIKIIJ,0.8028169014084507
441,n8IIKII,nonterminal,KKKK n8IIKIIK,0.19718309859154928
442,n8IIKIIK,nonterminal,IIII OOOO,0.7857142857142857
443,n8IIKIIK,nonterminal,IIII IIII,0.21428571428571427
444,n8IIKIIJ,nonterminal,OOOO LLLL,0.7894736842105263
445,n8IIKIIJ,nonterminal,IIII LLLL,0.21052631578947367
446,n8IJ,nonterminal,LLLL n8IJL,0.21188692920995408
447,n8IJ,nonterminal,OOOO n8IJO,0.6361439961343319
448,n8IJ,nonterminal,IIII n8IJI,0.15196907465571394
449,n8IJI,nonterminal,LLLL n8IJIL,1.0
450,n8IJIL,nonterminal,LLLL n8IJILL,0.8950715421303657
451,n8IJIL,nonterminal,KKKK n8IJILK,0.10492845786963434
452,n8IJILK,nonterminal,JJJJ n8IJILKJ,0.696969696969697
453,n8IJILK,nonterminal,IIII n8IJILKI,0.16666666666666666
454,n8IJILK,nonterminal,KKKK n8IJILKK,0.07575757575757576
455,n8IJILK,nonterminal,MMMM n8IJILKM,0.06060606060606061
456,n8IJILKM,nonterminal,KKKK OOOO,1.0
457,n8IJILKK,nonterminal,IIII MMMM,1.0
458,n8IJILKI,nonterminal,JJJJ OOOO,0.8181818181818182
459,n8IJILKI,nonterminal,JJJJ IIII,0.18181818181818182
460,n8IJILKJ,nonterminal,MMMM LLLL,0.8913043478260869
461,n8IJILKJ,nonterminal,LLLL OOOO,0.10869565217391304
462,n8IJILL,nonterminal,IIII n8IJILLI,0.5861456483126111
463,n8IJILL,nonterminal,JJJJ n8IJILLJ,0.14564831261101244
464,n8IJILL,nonterminal,LLLL n8IJILLL,0.21314387211367672
465,n8IJILL,nonterminal,MMMM n8IJILLM,0.02486678507992895
466,n8IJILL,nonterminal,KKKK n8IJILLK,0.03019538188277087
467,n8IJILLK,nonterminal,IIII MMMM,1.0
468,n8IJILLM,nonterminal,KKKK IIII,0.21428571428571427
469,n8IJILLM,nonterminal,KKKK OOOO,0.7857142857142857
470,n8IJILLL,nonterminal,IIII MMMM,0.225
471,n8IJILLL,nonterminal,IIII IIII,0.4166666666666667
472,n8IJILLL,nonterminal,IIII JJJJ,0.10833333333333334
473,n8IJILLL,nonterminal,IIII KKKK,0.025
474,n8IJILLL,nonterminal,JJJJ MMMM,0.175
475,n8IJILLL,nonterminal,KKKK IIII,0.05
476,n8IJILLJ,nonterminal,MMMM KKKK,0.8902439024390244
477,n8IJILLJ,nonterminal,LLLL OOOO,0.07317073170731707
478,n8IJILLJ,nonterminal,LLLL IIII,0.036585365853658534
479,n8IJILLI,nonterminal,JJJJ LLLL,0.14545454545454545
480,n8IJILLI,nonterminal,JJJJ OOOO,0.048484848484848485
481,n8IJILLI,nonterminal,JJJJ IIII,0.006060606060606061
482,n8IJILLI,nonterminal,IIII JJJJ,0.38181818181818183
483,n8IJILLI,nonterminal,IIII KKKK,0.07272727272727272
484,n8IJILLI,nonterminal,MMMM KKKK,0.296969696969697
485,n8IJILLI,nonterminal,KKKK IIII,0.048484848484848485
486,n8IJO,nonterminal,KKKK n8IJOK,0.08583364982909229
487,n8IJO,nonterminal,LLLL n8IJOL,0.9141663501709077
488,n8IJOL,nonterminal,LLLL n8IJOLL,0.19775654341503948
489,n8IJOL,nonterminal,JJJJ n8IJOLJ,0.14582467802243457
490,n8IJOL,nonterminal,IIII n8IJOLI,0.5974241794765268
491,n8IJOL,nonterminal,MMMM n8IJOLM,0.024096385542168676
492,n8IJOL,nonterminal,KKKK n8IJOLK,0.03489821354383049
493,n8IJOLK,nonterminal,IIII n8IJOLKI,1.0
494,n8IJOLKI,nonterminal,MMMM KKKK,0.8809523809523809
495,n8IJOLKI,nonterminal,LLLL OOOO,0.08333333333333333
496,n8IJOLKI,nonterminal,LLLL IIII,0.03571428571428571
497,n8IJOLM,nonterminal,KKKK n8IJOLMK,1.0
498,n8IJOLMK,nonterminal,OOOO KKKK,0.7931034482758621
499,n8IJOLMK,nonterminal,IIII LLLL,0.20689655172413793
500,n8IJOLI,nonterminal,JJJJ n8IJOLIJ,0.21349095966620307
501,n8IJOLI,nonterminal,MMMM n8IJOLIM,0.2635605006954103
502,n8IJOLI,nonterminal,KKKK n8IJOLIK,0.04659248956884562
503,n8IJOLI,nonterminal,IIII n8IJOLII,0.476356050069541
504,n8IJOLII,nonterminal,JJJJ MMMM,0.06569343065693431
505,n8IJOLII,nonterminal,JJJJ JJJJ,0.5197080291970803
506,n8IJOLII,nonterminal,JJJJ KKKK,0.09927007299270073
507,n8IJOLII,nonterminal,JJJJ IIII,0.12262773722627737
508,n8IJOLII,nonterminal,KKKK IIII,0.1927007299270073
509,n8IJOLIK,nonterminal,IIII OOOO,0.22388059701492538
510,n8IJOLIK,nonterminal,IIII LLLL,0.746268656716418
511,n8IJOLIK,nonterminal,IIII IIII,0.029850746268656716
512,n8IJOLIM,nonterminal,KKKK JJJJ,0.604221635883905
513,n8IJOLIM,nonterminal,KKKK KKKK,0.15567282321899736
514,n8IJOLIM,nonterminal,KKKK IIII,0.16358839050131926
515,n8IJOLIM,nonterminal,KKKK MMMM,0.07651715039577836
516,n8IJOLIJ,nonterminal,OOOO KKKK,0.18892508143322476
517,n8IJOLIJ,nonterminal,LLLL KKKK,0.1270358306188925
518,n8IJOLIJ,nonterminal,LLLL JJJJ,0.46579804560260585
519,n8IJOLIJ,nonterminal,LLLL IIII,0.1270358306188925
520,n8IJOLIJ,nonterminal,LLLL MMMM,0.04560260586319218
521,n8IJOLIJ,nonterminal,IIII LLLL,0.04560260586319218
522,n8IJOLJ,nonterminal,MMMM n8IJOLJM,0.9173789173789174
523,n8IJOLJ,nonterminal,LLLL n8IJOLJL,0.08262108262108261
524,n8IJOLJL,nonterminal,OOOO KKKK,0.8275862068965517
525,n8IJOLJL,nonterminal,IIII LLLL,0.1724137931034483
526,n8IJOLJM,nonterminal,KKKK JJJJ,0.6024844720496895
527,n8IJOLJM,nonterminal,KKKK KKKK,0.16149068322981366
528,n8IJOLJM,nonterminal,KKKK MMMM,0.11180124223602485
529,n8IJOLJM,nonterminal,KKKK IIII,0.12422360248447205
530,n8IJOLL,nonterminal,IIII n8IJOLLI,0.7373949579831933
531,n8IJOLL,nonterminal,JJJJ n8IJOLLJ,0.17857142857142858
532,n8IJOLL,nonterminal,KKKK n8IJOLLK,0.0546218487394958
533,n8IJOLL,nonterminal,MMMM n8IJOLLM,0.029411764705882353
534,n8IJOLLM,nonterminal,KKKK OOOO,0.8571428571428571
535,n8IJOLLM,nonterminal,KKKK IIII,0.14285714285714285
536,n8IJOLLK,nonterminal,IIII MMMM,0.8846153846153846
537,n8IJOLLK,nonterminal,IIII LLLL,0.11538461538461539
538,n8IJOLLJ,nonterminal,LLLL IIII,0.023529411764705882
539,n8IJOLLJ,nonterminal,LLLL OOOO,0.08235294117647059
540,n8IJOLLJ,nonterminal,MMMM KKKK,0.8941176470588236
541,n8IJOLLI,nonterminal,MMMM KKKK,0.22507122507122507
542,n8IJOLLI,nonterminal,KKKK IIII,0.06267806267806268
543,n8IJOLLI,nonterminal,IIII KKKK,0.09401709401709402
544,n8IJOLLI,nonterminal,IIII JJJJ,0.38746438746438744
545,n8IJOLLI,nonterminal,JJJJ LLLL,0.17663817663817663
546,n8IJOLLI,nonterminal,JJJJ OOOO,0.039886039886039885
547,n8IJOLLI,nonterminal,JJJJ IIII,0.014245014245014245
548,n8IJOK,nonterminal,JJJJ n8IJOKJ,0.6460176991150443
549,n8IJOK,nonterminal,KKKK n8IJOKK,0.14601769911504425
550,n8IJOK,nonterminal,IIII n8IJOKI,0.1592920353982301
551,n8IJOK,nonterminal,MMMM n8IJOKM,0.048672566371681415
552,n8IJOKM,nonterminal,KKKK n8IJOKMK,1.0
553,n8IJOKMK,nonterminal,OOOO LLLL,1.0
554,n8IJOKI,nonterminal,JJJJ n8IJOKIJ,0.8611111111111112
555,n8IJOKI,nonterminal,KKKK n8IJOKIK,0.1388888888888889
556,n8IJOKIK,nonterminal,IIII OOOO,0.6
557,n8IJOKIK,nonterminal,IIII IIII,0.4
558,n8IJOKIJ,nonterminal,OOOO LLLL,0.7741935483870968
559,n8IJOKIJ,nonterminal,IIII LLLL,0.22580645161290322
560,n8IJOKK,nonterminal,IIII n8IJOKKI,1.0
561,n8IJOKKI,nonterminal,MMMM LLLL,1.0
562,n8IJOKJ,nonterminal,MMMM n8IJOKJM,0.9383561643835616
563,n8IJOKJ,nonterminal,LLLL n8IJOKJL,0.06164383561643835
564,n8IJOKJL,nonterminal,IIII LLLL,0.3333333333333333
565,n8IJOKJL,nonterminal,OOOO LLLL,0.6666666666666666
566,n8IJOKJM,nonterminal,LLLL KKKK,0.0364963503649635
567,n8IJOKJM,nonterminal,LLLL IIII,0.781021897810219
568,n8IJOKJM,nonterminal,LLLL JJJJ,0.16058394160583941
569,n8IJOKJM,nonterminal,LLLL MMMM,0.021897810218978103
570,n8IJL,nonterminal,JJJJ n8IJLJ,0.6282782212086659
571,n8IJL,nonterminal,MMMM n8IJLM,0.07753705815279362
572,n8IJL,nonterminal,KKKK n8IJLK,0.14367160775370583
573,n8IJL,nonterminal,IIII n8IJLI,0.15051311288483465
574,n8IJLI,nonterminal,KKKK n8IJLIK,0.16666666666666666
575,n8IJLI,nonterminal,JJJJ n8IJLIJ,0.8333333333333334
576,n8IJLIJ,nonterminal,IIII n8IJLIJI,0.17272727272727273
577,n8IJLIJ,nonterminal,OOOO n8IJLIJO,0.8272727272727273
578,n8IJLIJO,nonterminal,LLLL IIII,0.6813186813186813
579,n8IJLIJO,nonterminal,LLLL JJJJ,0.21978021978021978
580,n8IJLIJO,nonterminal,LLLL MMMM,0.054945054945054944
581,n8IJLIJO,nonterminal,LLLL KKKK,0.04395604395604396
582,n8IJLIJI,nonterminal,LLLL LLLL,1.0
583,n8IJLIK,nonterminal,IIII n8IJLIKI,1.0
584,n8IJLIKI,nonterminal,OOOO LLLL,0.8636363636363636
585,n8IJLIKI,nonterminal,IIII LLLL,0.13636363636363635
586,n8IJLK,nonterminal,IIII n8IJLKI,1.0
587,n8IJLKI,nonterminal,MMMM n8IJLKIM,0.9047619047619048
588,n8IJLKI,nonterminal,LLLL n8IJLKIL,0.09523809523809523
589,n8IJLKIL,nonterminal,IIII LLLL,0.25
590,n8IJLKIL,nonterminal,OOOO LLLL,0.75
591,n8IJLKIM,nonterminal,LLLL IIII,0.7807017543859649
592,n8IJLKIM,nonterminal,LLLL JJJJ,0.15789473684210525
593,n8IJLKIM,nonterminal,LLLL KKKK,0.02631578947368421
594,n8IJLKIM,nonterminal,LLLL MMMM,0.03508771929824561
595,n8IJLM,nonterminal,KKKK n8IJLMK,1.0
596,n8IJLMK,nonterminal,OOOO n8IJLMKO,0.7205882352941176
597,n8IJLMK,nonterminal,IIII n8IJLMKI,0.27941176470588236
598,n8IJLMKI,nonterminal,LLLL LLLL,1.0
599,n8IJLMKO,nonterminal,LLLL IIII,0.7346938775510204
600,n8IJLMKO,nonterminal,LLLL JJJJ,0.20408163265306123
601,n8IJLMKO,nonterminal,LLLL MMMM,0.061224489795918366
602,n8IJLJ,nonterminal,MMMM n8IJLJM,0.9147005444646098
603,n8IJLJ,nonterminal,LLLL n8IJLJL,0.0852994555353902
604,n8IJLJL,nonterminal,OOOO n8IJLJLO,0.7021276595744681
605,n8IJLJL,nonterminal,IIII n8IJLJLI,0.2978723404255319
606,n8IJLJLI,nonterminal,LLLL LLLL,1.0
607,n8IJLJLO,nonterminal,LLLL JJJJ,0.18181818181818182
608,n8IJLJLO,nonterminal,LLLL IIII,0.7575757575757576
609,n8IJLJLO,nonterminal,LLLL KKKK,0.06060606060606061
610,n8IJLJM,nonterminal,LLLL n8IJLJML,0.996031746031746
611,n8IJLJM,nonterminal,IIII n8IJLJMI,0.003968253968253968
612,n8IJLJMI,nonterminal,LLLL LLLL,1.0
613,n8IJLJML,nonterminal,IIII JJJJ,0.12749003984063745
614,n8IJLJML,nonterminal,IIII IIII,0.3645418326693227
615,n8IJLJML,nonterminal,IIII MMMM,0.20916334661354583
616,n8IJLJML,nonterminal,IIII KKKK,0.037848605577689244
617,n8IJLJML,nonterminal,KKKK IIII,0.04780876494023904
618,n8IJLJML,nonterminal,JJJJ MMMM,0.16733067729083664
619,n8IJLJML,nonterminal,JJJJ LLLL,0.021912350597609563
620,n8IJLJML,nonterminal,MMMM KKKK,0.02390438247011952
621,n8IK,nonterminal,IIII n8IKI,1.0
622,n8IKI,nonterminal,OOOO n8IKIO,0.6511848341232227
623,n8IKI,nonterminal,LLLL n8IKIL,0.2037914691943128
624,n8IKI,nonterminal,IIII n8IKII,0.14502369668246445
625,n8IKII,nonterminal,LLLL n8IKIIL,1.0
626,n8IKIIL,nonterminal,LLLL n8IKIILL,0.8954248366013072
627,n8IKIIL,nonterminal,KKKK n8IKIILK,0.10457516339869281
628,n8IKIILK,nonterminal,JJJJ MMMM,0.5625
629,n8IKIILK,nonterminal,JJJJ LLLL,0.25
630,n8IKIILK,nonterminal,KKKK IIII,0.1875
631,n8IKIILL,nonterminal,LLLL IIII,0.15328467153284672
632,n8IKIILL,nonterminal,LLLL JJJJ,0.058394160583941604
633,n8IKIILL,nonterminal,IIII IIII,0.30656934306569344
634,n8IKIILL,nonterminal,IIII KKKK,0.0364963503649635
635,n8IKIILL,nonterminal,IIII MMMM,0.145985401459854
636,n8IKIILL,nonterminal,IIII JJJJ,0.12408759124087591
637,n8IKIILL,nonterminal,KKKK IIII,0.0364963503649635
638,n8IKIILL,nonterminal,MMMM KKKK,0.029197080291970802
639,n8IKIILL,nonterminal,JJJJ MMMM,0.10948905109489052
640,n8IKIL,nonterminal,JJJJ n8IKILJ,0.6139534883720931
641,n8IKIL,nonterminal,KKKK n8IKILK,0.14418604651162792
642,n8IKIL,nonterminal,MMMM n8IKILM,0.06046511627906977
643,n8IKIL,nonterminal,IIII n8IKILI,0.1813953488372093
644,n8IKILI,nonterminal,JJJJ n8IKILIJ,0.717948717948718
645,n8IKILI,nonterminal,KKKK n8IKILIK,0.28205128205128205
646,n8IKILIK,nonterminal,IIII OOOO,0.7272727272727273
647,n8IKILIK,nonterminal,IIII IIII,0.2727272727272727
648,n8IKILIJ,nonterminal,OOOO LLLL,0.7857142857142857
649,n8IKILIJ,nonterminal,IIII LLLL,0.21428571428571427
650,n8IKILM,nonterminal,KKKK n8IKILMK,1.0
651,n8IKILMK,nonterminal,OOOO LLLL,0.7692307692307693
652,n8IKILMK,nonterminal,IIII LLLL,0.23076923076923078
653,n8IKILK,nonterminal,IIII n8IKILKI,1.0
654,n8IKILKI,nonterminal,MMMM LLLL,0.9032258064516129
655,n8IKILKI,nonterminal,LLLL OOOO,0.0967741935483871
656,n8IKILJ,nonterminal,MMMM n8IKILJM,0.9242424242424242
657,n8IKILJ,nonterminal,LLLL n8IKILJL,0.07575757575757576
658,n8IKILJL,nonterminal,OOOO LLLL,0.8
659,n8IKILJL,nonterminal,IIII LLLL,0.2
660,n8IKILJM,nonterminal,LLLL IIII,0.7540983606557377
661,n8IKILJM,nonterminal,LLLL MMMM,0.01639344262295082
662,n8IKILJM,nonterminal,LLLL KKKK,0.040983606557377046
663,n8IKILJM,nonterminal,LLLL JJJJ,0.1885245901639344
664,n8IKIO,nonterminal,LLLL n8IKIOL,0.9082969432314411
665,n8IKIO,nonterminal,KKKK n8IKIOK,0.09170305676855896
666,n8IKIOK,nonterminal,IIII n8IKIOKI,0.06349206349206349
667,n8IKIOK,nonterminal,JJJJ n8IKIOKJ,0.6666666666666666
668,n8IKIOK,nonterminal,KKKK n8IKIOKK,0.2698412698412698
669,n8IKIOKK,nonterminal,IIII MMMM,0.8235294117647058
670,n8IKIOKK,nonterminal,IIII LLLL,0.17647058823529413
671,n8IKIOKJ,nonterminal,MMMM LLLL,0.9523809523809523
672,n8IKIOKJ,nonterminal,LLLL OOOO,0.047619047619047616
673,n8IKIOKI,nonterminal,JJJJ OOOO,1.0
674,n8IKIOL,nonterminal,LLLL n8IKIOLL,0.22916666666666666
675,n8IKIOL,nonterminal,IIII n8IKIOLI,0.5865384615384616
676,n8IKIOL,nonterminal,JJJJ n8IKIOLJ,0.1362179487179487
677,n8IKIOL,nonterminal,KKKK n8IKIOLK,0.028846153846153848
678,n8IKIOL,nonterminal,MMMM n8IKIOLM,0.019230769230769232
679,n8IKIOLM,nonterminal,KKKK OOOO,0.8333333333333334
680,n8IKIOLM,nonterminal,KKKK IIII,0.16666666666666666
681,n8IKIOLK,nonterminal,IIII MMMM,1.0
682,n8IKIOLJ,nonterminal,MMMM KKKK,0.9058823529411765
683,n8IKIOLJ,nonterminal,LLLL OOOO,0.07058823529411765
684,n8IKIOLJ,nonterminal,LLLL IIII,0.023529411764705882
685,n8IKIOLI,nonterminal,JJJJ LLLL,0.15846994535519127
686,n8IKIOLI,nonterminal,JJJJ IIII,0.00546448087431694
687,n8IKIOLI,nonterminal,JJJJ OOOO,0.03278688524590164
688,n8IKIOLI,nonterminal,KKKK IIII,0.060109289617486336
689,n8IKIOLI,nonterminal,IIII JJJJ,0.4016393442622951
690,n8IKIOLI,nonterminal,IIII KKKK,0.04918032786885246
691,n8IKIOLI,nonterminal,MMMM KKKK,0.2923497267759563
692,n8IKIOLL,nonterminal,IIII IIII,0.3916083916083916
693,n8IKIOLL,nonterminal,IIII JJJJ,0.16083916083916083
694,n8IKIOLL,nonterminal,IIII MMMM,0.18181818181818182
695,n8IKIOLL,nonterminal,IIII KKKK,0.03496503496503497
696,n8IKIOLL,nonterminal,JJJJ MMMM,0.14685314685314685
697,n8IKIOLL,nonterminal,JJJJ LLLL,0.013986013986013986
698,n8IKIOLL,nonterminal,KKKK IIII,0.06993006993006994
699,n8L,nonterminal,KKKK n8LK,0.08949818934299017
700,n8L,nonterminal,JJJJ n8LJ,0.14878427315054318
701,n8L,nonterminal,IIII n8LI,0.7144335230212105
702,n8L,nonterminal,MMMM n8LM,0.04728401448525608
703,n8LM,nonterminal,KKKK n8LMK,1.0
704,n8LMK,nonterminal,OOOO n8LMKO,0.8183807439824945
705,n8LMK,nonterminal,IIII n8LMKI,0.18161925601750548
706,n8LMKI,nonterminal,LLLL n8LMKIL,1.0
707,n8LMKIL,nonterminal,KKKK n8LMKILK,1.0
708,n8LMKILK,nonterminal,MMMM LLLL,0.13253012048192772
709,n8LMKILK,nonterminal,MMMM KKKK,0.03614457831325301
710,n8LMKILK,nonterminal,JJJJ MMMM,0.12048192771084337
711,n8LMKILK,nonterminal,JJJJ IIII,0.060240963855421686
712,n8LMKILK,nonterminal,JJJJ LLLL,0.024096385542168676
713,n8LMKILK,nonterminal,JJJJ JJJJ,0.024096385542168676
714,n8LMKILK,nonterminal,IIII MMMM,0.18072289156626506
715,n8LMKILK,nonterminal,IIII IIII,0.30120481927710846
716,n8LMKILK,nonterminal,IIII JJJJ,0.04819277108433735
717,n8LMKILK,nonterminal,IIII KKKK,0.024096385542168676
718,n8LMKILK,nonterminal,KKKK IIII,0.04819277108433735
719,n8LMKO,nonterminal,KKKK n8LMKOK,1.0
720,n8LMKOK,nonterminal,JJJJ n8LMKOKJ,0.20855614973262032
721,n8LMKOK,nonterminal,IIII n8LMKOKI,0.6390374331550802
722,n8LMKOK,nonterminal,KKKK n8LMKOKK,0.0481283422459893
723,n8LMKOK,nonterminal,MMMM n8LMKOKM,0.10427807486631016
724,n8LMKOKM,nonterminal,LLLL IIII,0.6410256410256411
725,n8LMKOKM,nonterminal,LLLL JJJJ,0.1282051282051282
726,n8LMKOKM,nonterminal,KKKK IIII,0.10256410256410256
727,n8LMKOKM,nonterminal,KKKK OOOO,0.1282051282051282
728,n8LMKOKK,nonterminal,IIII MMMM,0.8888888888888888
729,n8LMKOKK,nonterminal,IIII LLLL,0.1111111111111111
730,n8LMKOKI,nonterminal,IIII JJJJ,0.3514644351464435
731,n8LMKOKI,nonterminal,IIII KKKK,0.10460251046025104
732,n8LMKOKI,nonterminal,MMMM KKKK,0.2803347280334728
733,n8LMKOKI,nonterminal,JJJJ LLLL,0.16317991631799164
734,n8LMKOKI,nonterminal,JJJJ IIII,0.016736401673640166
735,n8LMKOKI,nonterminal,JJJJ OOOO,0.04602510460251046
736,n8LMKOKI,nonterminal,KKKK IIII,0.03765690376569038
737,n8LMKOKJ,nonterminal,MMMM KKKK,0.7435897435897436
738,n8LMKOKJ,nonterminal,MMMM LLLL,0.05128205128205128
739,n8LMKOKJ,nonterminal,IIII IIII,0.07692307692307693
740,n8LMKOKJ,nonterminal,IIII JJJJ,0.038461538461538464
741,n8LMKOKJ,nonterminal,LLLL OOOO,0.038461538461538464
742,n8LMKOKJ,nonterminal,JJJJ MMMM,0.05128205128205128
743,n8LI,nonterminal,KKKK n8LIK,0.10354815351194786
744,n8LI,nonterminal,JJJJ n8LIJ,0.22490948587979726
745,n8LI,nonterminal,IIII n8LII,0.4548877624909486
746,n8LI,nonterminal,MMMM n8LIM,0.2166545981173063
747,n8LIM,nonterminal,KKKK n8LIMK,1.0
748,n8LIMK,nonterminal,JJJJ n8LIMKJ,0.21524064171122995
749,n8LIMK,nonterminal,IIII n8LIMKI,0.30815508021390375
750,n8LIMK,nonterminal,KKKK n8LIMKK,0.1677807486631016
751,n8LIMK,nonterminal,MMMM n8LIMKM,0.3088235294117647
752,n8LIMKM,nonterminal,LLLL n8LIMKML,0.8138528138528138
753,n8LIMKM,nonterminal,KKKK n8LIMKMK,0.18614718614718614
754,n8LIMKMK,nonterminal,OOOO KKKK,0.7441860465116279
755,n8LIMKMK,nonterminal,IIII LLLL,0.2558139534883721
756,n8LIMKML,nonterminal,IIII MMMM,0.23670212765957446
757,n8LIMKML,nonterminal,IIII JJJJ,0.12234042553191489
758,n8LIMKML,nonterminal,IIII IIII,0.300531914893617
759,n8LIMKML,nonterminal,IIII KKKK,0.0425531914893617
760,n8LIMKML,nonterminal,JJJJ MMMM,0.2047872340425532
761,n8LIMKML,nonterminal,JJJJ LLLL,0.02925531914893617
762,n8LIMKML,nonterminal,MMMM KKKK,0.026595744680851064
763,n8LIMKML,nonterminal,KKKK IIII,0.03723404255319149
764,n8LIMKK,nonterminal,IIII n8LIMKKI,1.0
765,n8LIMKKI,nonterminal,IIII IIII,0.10358565737051793
766,n8LIMKKI,nonterminal,IIII MMMM,0.0398406374501992
767,n8LIMKKI,nonterminal,IIII JJJJ,0.01593625498007968
768,n8LIMKKI,nonterminal,MMMM KKKK,0.6653386454183267
769,n8LIMKKI,nonterminal,MMMM LLLL,0.03187250996015936
770,n8LIMKKI,nonterminal,JJJJ MMMM,0.07569721115537849
771,n8LIMKKI,nonterminal,JJJJ JJJJ,0.00796812749003984
772,n8LIMKKI,nonterminal,KKKK IIII,0.02390438247011952
773,n8LIMKKI,nonterminal,LLLL OOOO,0.035856573705179286
774,n8LIMKI,nonterminal,IIII n8LIMKII,0.4511930585683297
775,n8LIMKI,nonterminal,KKKK n8LIMKIK,0.25162689804772237
776,n8LIMKI,nonterminal,JJJJ n8LIMKIJ,0.29718004338394793
777,n8LIMKIJ,nonterminal,OOOO KKKK,0.7518248175182481
778,n8LIMKIJ,nonterminal,IIII LLLL,0.24817518248175183
779,n8LIMKIK,nonterminal,IIII LLLL,0.75
780,n8LIMKIK,nonterminal,IIII IIII,0.04310344827586207
781,n8LIMKIK,nonterminal,IIII OOOO,0.20689655172413793
782,n8LIMKII,nonterminal,KKKK IIII,1.0
783,n8LIMKJ,nonterminal,JJJJ n8LIMKJJ,0.2080745341614907
784,n8LIMKJ,nonterminal,MMMM n8LIMKJM,0.09627329192546584
785,n8LIMKJ,nonterminal,IIII n8LIMKJI,0.5031055900621118
786,n8LIMKJ,nonterminal,LLLL n8LIMKJL,0.14285714285714285
787,n8LIMKJ,nonterminal,KKKK n8LIMKJK,0.049689440993788817
788,n8LIMKJK,nonterminal,IIII IIII,0.25
789,n8LIMKJK,nonterminal,IIII MMMM,0.75
790,n8LIMKJL,nonterminal,IIII LLLL,0.10869565217391304
791,n8LIMKJL,nonterminal,OOOO KKKK,0.8913043478260869
792,n8LIMKJI,nonterminal,IIII JJJJ,0.35185185185185186
793,n8LIMKJI,nonterminal,IIII KKKK,0.04938271604938271
794,n8LIMKJI,nonterminal,JJJJ LLLL,0.19135802469135801
795,n8LIMKJI,nonterminal,JJJJ OOOO,0.030864197530864196
796,n8LIMKJI,nonterminal,MMMM KKKK,0.30864197530864196
797,n8LIMKJI,nonterminal,KKKK IIII,0.06790123456790123
798,n8LIMKJM,nonterminal,LLLL IIII,0.8064516129032258
799,n8LIMKJM,nonterminal,LLLL JJJJ,0.12903225806451613
800,n8LIMKJM,nonterminal,KKKK OOOO,0.06451612903225806
801,n8LIMKJJ,nonterminal,JJJJ MMMM,0.04477611940298507
802,n8LIMKJJ,nonterminal,MMMM KKKK,0.7164179104477612
803,n8LIMKJJ,nonterminal,LLLL OOOO,0.05970149253731343
804,n8LIMKJJ,nonterminal,IIII IIII,0.1044776119402985
805,n8LIMKJJ,nonterminal,IIII MMMM,0.04477611940298507
806,n8LIMKJJ,nonterminal,KKKK IIII,0.029850746268656716
807,n8LII,nonterminal,JJJJ n8LIIJ,0.5988538681948424
808,n8LII,nonterminal,KKKK n8LIIK,0.40114613180515757
809,n8LIIK,nonterminal,IIII n8LIIKI,1.0
810,n8LIIKI,nonterminal,IIII n8LIIKII,0.6444444444444445
811,n8LIIKI,nonterminal,MMMM n8LIIKIM,0.10158730158730159
812,n8LIIKI,nonterminal,KKKK n8LIIKIK,0.044444444444444446
813,n8LIIKI,nonterminal,JJJJ n8LIIKIJ,0.20952380952380953
814,n8LIIKIJ,nonterminal,MMMM KKKK,0.6439393939393939
815,n8LIIKIJ,nonterminal,MMMM LLLL,0.030303030303030304
816,n8LIIKIJ,nonterminal,JJJJ IIII,0.007575757575757576
817,n8LIIKIJ,nonterminal,JJJJ JJJJ,0.015151515151515152
818,n8LIIKIJ,nonterminal,JJJJ MMMM,0.041666666666666664
819,n8LIIKIJ,nonterminal,IIII KKKK,0.01893939393939394
820,n8LIIKIJ,nonterminal,IIII IIII,0.0946969696969697
821,n8LIIKIJ,nonterminal,IIII JJJJ,0.026515151515151516
822,n8LIIKIJ,nonterminal,IIII MMMM,0.041666666666666664
823,n8LIIKIJ,nonterminal,LLLL OOOO,0.041666666666666664
824,n8LIIKIJ,nonterminal,LLLL IIII,0.015151515151515152
825,n8LIIKIJ,nonterminal,KKKK IIII,0.022727272727272728
826,n8LIIKIK,nonterminal,IIII MMMM,0.75
827,n8LIIKIK,nonterminal,IIII IIII,0.14285714285714285
828,n8LIIKIK,nonterminal,IIII JJJJ,0.05357142857142857
829,n8LIIKIK,nonterminal,IIII LLLL,0.05357142857142857
830,n8LIIKIM,nonterminal,LLLL IIII,0.625
831,n8LIIKIM,nonterminal,LLLL JJJJ,0.078125
832,n8LIIKIM,nonterminal,LLLL KKKK,0.046875
833,n8LIIKIM,nonterminal,LLLL MMMM,0.0390625
834,n8LIIKIM,nonterminal,KKKK OOOO,0.1875
835,n8LIIKIM,nonterminal,KKKK IIII,0.0234375
836,n8LIIKII,nonterminal,KKKK IIII,0.0480295566502463
837,n8LIIKII,nonterminal,MMMM KKKK,0.29679802955665024
838,n8LIIKII,nonterminal,IIII JJJJ,0.3485221674876847
839,n8LIIKII,nonterminal,IIII KKKK,0.10344827586206896
840,n8LIIKII,nonterminal,JJJJ LLLL,0.1625615763546798
841,n8LIIKII,nonterminal,JJJJ OOOO,0.034482758620689655
842,n8LIIKII,nonterminal,JJJJ IIII,0.006157635467980296
843,n8LIIJ,nonterminal,IIII n8LIIJI,0.34609250398724084
844,n8LIIJ,nonterminal,JJJJ n8LIIJJ,0.20893141945773525
845,n8LIIJ,nonterminal,MMMM n8LIIJM,0.2966507177033493
846,n8LIIJ,nonterminal,KKKK n8LIIJK,0.14832535885167464
847,n8LIIJK,nonterminal,IIII n8LIIJKI,1.0
848,n8LIIJKI,nonterminal,MMMM KKKK,0.7025089605734767
849,n8LIIJKI,nonterminal,IIII KKKK,0.010752688172043012
850,n8LIIJKI,nonterminal,IIII IIII,0.08243727598566308
851,n8LIIJKI,nonterminal,IIII MMMM,0.04659498207885305
852,n8LIIJKI,nonterminal,IIII JJJJ,0.053763440860215055
853,n8LIIJKI,nonterminal,LLLL OOOO,0.043010752688172046
854,n8LIIJKI,nonterminal,JJJJ MMMM,0.035842293906810034
855,n8LIIJKI,nonterminal,JJJJ IIII,0.010752688172043012
856,n8LIIJKI,nonterminal,JJJJ LLLL,0.007168458781362007
857,n8LIIJKI,nonterminal,KKKK IIII,0.007168458781362007
858,n8LIIJM,nonterminal,KKKK n8LIIJMK,0.16308243727598568
859,n8LIIJM,nonterminal,LLLL n8LIIJML,0.8369175627240143
860,n8LIIJML,nonterminal,JJJJ MMMM,0.17987152034261242
861,n8LIIJML,nonterminal,JJJJ LLLL,0.023554603854389723
862,n8LIIJML,nonterminal,IIII IIII,0.3233404710920771
863,n8LIIJML,nonterminal,IIII JJJJ,0.15203426124197003
864,n8LIIJML,nonterminal,IIII MMMM,0.20985010706638116
865,n8LIIJML,nonterminal,IIII KKKK,0.04068522483940043
866,n8LIIJML,nonterminal,KKKK IIII,0.055674518201284794
867,n8LIIJML,nonterminal,MMMM KKKK,0.014989293361884369
868,n8LIIJMK,nonterminal,OOOO KKKK,0.8131868131868132
869,n8LIIJMK,nonterminal,IIII LLLL,0.18681318681318682
870,n8LIIJJ,nonterminal,LLLL n8LIIJJL,0.13486005089058525
871,n8LIIJJ,nonterminal,IIII n8LIIJJI,0.5267175572519084
872,n8LIIJJ,nonterminal,JJJJ n8LIIJJJ,0.178117048346056
873,n8LIIJJ,nonterminal,KKKK n8LIIJJK,0.04834605597964377
874,n8LIIJJ,nonterminal,MMMM n8LIIJJM,0.11195928753180662
875,n8LIIJJM,nonterminal,LLLL IIII,0.7045454545454546
876,n8LIIJJM,nonterminal,LLLL JJJJ,0.13636363636363635
877,n8LIIJJM,nonterminal,KKKK OOOO,0.11363636363636363
878,n8LIIJJM,nonterminal,KKKK IIII,0.045454545454545456
879,n8LIIJJK,nonterminal,IIII MMMM,0.8421052631578947
880,n8LIIJJK,nonterminal,IIII JJJJ,0.15789473684210525
881,n8LIIJJJ,nonterminal,MMMM KKKK,0.8714285714285714
882,n8LIIJJJ,nonterminal,LLLL OOOO,0.02857142857142857
883,n8LIIJJJ,nonterminal,IIII IIII,0.02857142857142857
884,n8LIIJJJ,nonterminal,IIII JJJJ,0.02857142857142857
885,n8LIIJJJ,nonterminal,JJJJ MMMM,0.04285714285714286
886,n8LIIJJI,nonterminal,IIII KKKK,0.0966183574879227
887,n8LIIJJI,nonterminal,IIII JJJJ,0.3719806763285024
888,n8LIIJJI,nonterminal,JJJJ OOOO,0.03864734299516908
889,n8LIIJJI,nonterminal,JJJJ LLLL,0.0966183574879227
890,n8LIIJJI,nonterminal,JJJJ IIII,0.00966183574879227
891,n8LIIJJI,nonterminal,MMMM KKKK,0.3285024154589372
892,n8LIIJJI,nonterminal,KKKK IIII,0.057971014492753624
893,n8LIIJJL,nonterminal,OOOO KKKK,0.8867924528301887
894,n8LIIJJL,nonterminal,IIII LLLL,0.11320754716981132
895,n8LIIJI,nonterminal,JJJJ n8LIIJIJ,0.24423963133640553
896,n8LIIJI,nonterminal,IIII n8LIIJII,0.5145929339477726
897,n8LIIJI,nonterminal,KKKK n8LIIJIK,0.2411674347158218
898,n8LIIJIK,nonterminal,IIII OOOO,0.17197452229299362
899,n8LIIJIK,nonterminal,IIII LLLL,0.7770700636942676
900,n8LIIJIK,nonterminal,IIII IIII,0.050955414012738856
901,n8LIIJII,nonterminal,KKKK IIII,1.0
902,n8LIIJIJ,nonterminal,OOOO KKKK,0.8616352201257862
903,n8LIIJIJ,nonterminal,IIII LLLL,0.13836477987421383
904,n8LIJ,nonterminal,LLLL n8LIJL,0.5125563425627817
905,n8LIJ,nonterminal,OOOO n8LIJO,0.3915003219575016
906,n8LIJ,nonterminal,IIII n8LIJI,0.09594333547971667
907,n8LIJI,nonterminal,LLLL n8LIJIL,1.0
908,n8LIJIL,nonterminal,KKKK n8LIJILK,1.0
909,n8LIJILK,nonterminal,MMMM LLLL,0.10738255033557047
910,n8LIJILK,nonterminal,MMMM KKKK,0.053691275167785234
911,n8LIJILK,nonterminal,IIII MMMM,0.12751677852348994
912,n8LIJILK,nonterminal,IIII JJJJ,0.12080536912751678
913,n8LIJILK,nonterminal,IIII IIII,0.33557046979865773
914,n8LIJILK,nonterminal,IIII KKKK,0.03355704697986577
915,n8LIJILK,nonterminal,JJJJ MMMM,0.15436241610738255
916,n8LIJILK,nonterminal,JJJJ IIII,0.020134228187919462
917,n8LIJILK,nonterminal,KKKK IIII,0.04697986577181208
918,n8LIJO,nonterminal,KKKK n8LIJOK,1.0
919,n8LIJOK,nonterminal,IIII n8LIJOKI,0.6365131578947368
920,n8LIJOK,nonterminal,JJJJ n8LIJOKJ,0.21217105263157895
921,n8LIJOK,nonterminal,KKKK n8LIJOKK,0.04276315789473684
922,n8LIJOK,nonterminal,MMMM n8LIJOKM,0.10855263157894737
923,n8LIJOKM,nonterminal,LLLL IIII,0.48484848484848486
924,n8LIJOKM,nonterminal,LLLL KKKK,0.045454545454545456
925,n8LIJOKM,nonterminal,LLLL JJJJ,0.16666666666666666
926,n8LIJOKM,nonterminal,LLLL MMMM,0.030303030303030304
927,n8LIJOKM,nonterminal,KKKK OOOO,0.22727272727272727
928,n8LIJOKM,nonterminal,KKKK IIII,0.045454545454545456
929,n8LIJOKK,nonterminal,IIII MMMM,0.6538461538461539
930,n8LIJOKK,nonterminal,IIII IIII,0.23076923076923078
931,n8LIJOKK,nonterminal,IIII JJJJ,0.11538461538461539
932,n8LIJOKJ,nonterminal,MMMM KKKK,0.7286821705426356
933,n8LIJOKJ,nonterminal,IIII IIII,0.05426356589147287
934,n8LIJOKJ,nonterminal,IIII JJJJ,0.031007751937984496
935,n8LIJOKJ,nonterminal,IIII MMMM,0.03875968992248062
936,n8LIJOKJ,nonterminal,KKKK IIII,0.023255813953488372
937,n8LIJOKJ,nonterminal,JJJJ MMMM,0.06201550387596899
938,n8LIJOKJ,nonterminal,JJJJ IIII,0.015503875968992248
939,n8LIJOKJ,nonterminal,JJJJ LLLL,0.015503875968992248
940,n8LIJOKJ,nonterminal,LLLL OOOO,0.015503875968992248
941,n8LIJOKJ,nonterminal,LLLL IIII,0.015503875968992248
942,n8LIJOKI,nonterminal,IIII KKKK,0.08527131782945736
943,n8LIJOKI,nonterminal,IIII JJJJ,0.3669250645994832
944,n8LIJOKI,nonterminal,IIII MMMM,0.00516795865633075
945,n8LIJOKI,nonterminal,KKKK IIII,0.056847545219638244
946,n8LIJOKI,nonterminal,MMMM KKKK,0.2713178294573643
947,n8LIJOKI,nonterminal,JJJJ IIII,0.025839793281653745
948,n8LIJOKI,nonterminal,JJJJ LLLL,0.15503875968992248
949,n8LIJOKI,nonterminal,JJJJ OOOO,0.03359173126614987
950,n8LIJL,nonterminal,MMMM n8LIJLM,0.3442211055276382
951,n8LIJL,nonterminal,KKKK n8LIJLK,0.15829145728643215
952,n8LIJL,nonterminal,JJJJ n8LIJLJ,0.17964824120603015
953,n8LIJL,nonterminal,IIII n8LIJLI,0.3178391959798995
954,n8LIJLI,nonterminal,KKKK n8LIJLIK,0.2924901185770751
955,n8LIJLI,nonterminal,IIII n8LIJLII,0.45849802371541504
956,n8LIJLI,nonterminal,JJJJ n8LIJLIJ,0.2490118577075099
957,n8LIJLIJ,nonterminal,IIII LLLL,0.1746031746031746
958,n8LIJLIJ,nonterminal,OOOO KKKK,0.8253968253968254
959,n8LIJLII,nonterminal,KKKK IIII,1.0
960,n8LIJLIK,nonterminal,IIII LLLL,0.7837837837837838
961,n8LIJLIK,nonterminal,IIII OOOO,0.21621621621621623
962,n8LIJLJ,nonterminal,IIII n8LIJLJI,0.5244755244755245
963,n8LIJLJ,nonterminal,MMMM n8LIJLJM,0.14685314685314685
964,n8LIJLJ,nonterminal,JJJJ n8LIJLJJ,0.18181818181818182
965,n8LIJLJ,nonterminal,LLLL n8LIJLJL,0.14685314685314685
966,n8LIJLJL,nonterminal,IIII LLLL,0.14285714285714285
967,n8LIJLJL,nonterminal,OOOO KKKK,0.8571428571428571
968,n8LIJLJJ,nonterminal,MMMM KKKK,0.9230769230769231
969,n8LIJLJJ,nonterminal,IIII IIII,0.07692307692307693
970,n8LIJLJM,nonterminal,LLLL IIII,0.5714285714285714
971,n8LIJLJM,nonterminal,LLLL JJJJ,0.2857142857142857
972,n8LIJLJM,nonterminal,KKKK OOOO,0.14285714285714285
973,n8LIJLJI,nonterminal,MMMM KKKK,0.25333333333333335
974,n8LIJLJI,nonterminal,KKKK IIII,0.06666666666666667
975,n8LIJLJI,nonterminal,JJJJ LLLL,0.14666666666666667
976,n8LIJLJI,nonterminal,JJJJ OOOO,0.06666666666666667
977,n8LIJLJI,nonterminal,JJJJ IIII,0.02666666666666667
978,n8LIJLJI,nonterminal,IIII JJJJ,0.3466666666666667
979,n8LIJLJI,nonterminal,IIII KKKK,0.09333333333333334
980,n8LIJLK,nonterminal,IIII n8LIJLKI,1.0
981,n8LIJLKI,nonterminal,MMMM KKKK,0.6984126984126984
982,n8LIJLKI,nonterminal,MMMM LLLL,0.015873015873015872
983,n8LIJLKI,nonterminal,IIII JJJJ,0.023809523809523808
984,n8LIJLKI,nonterminal,IIII IIII,0.1111111111111111
985,n8LIJLKI,nonterminal,IIII MMMM,0.047619047619047616
986,n8LIJLKI,nonterminal,JJJJ LLLL,0.023809523809523808
987,n8LIJLKI,nonterminal,JJJJ MMMM,0.023809523809523808
988,n8LIJLKI,nonterminal,JJJJ IIII,0.023809523809523808
989,n8LIJLKI,nonterminal,LLLL OOOO,0.015873015873015872
990,n8LIJLKI,nonterminal,KKKK IIII,0.015873015873015872
991,n8LIJLM,nonterminal,LLLL n8LIJLML,0.8357664233576643
992,n8LIJLM,nonterminal,KKKK n8LIJLMK,0.16423357664233576
993,n8LIJLMK,nonterminal,IIII LLLL,0.13333333333333333
994,n8LIJLMK,nonterminal,OOOO KKKK,0.8666666666666667
995,n8LIJLML,nonterminal,IIII MMMM,0.21397379912663755
996,n8LIJLML,nonterminal,IIII IIII,0.3624454148471616
997,n8LIJLML,nonterminal,IIII JJJJ,0.1222707423580786
998,n8LIJLML,nonterminal,IIII KKKK,0.021834061135371178
999,n8LIJLML,nonterminal,JJJJ MMMM,0.20087336244541484
1000,n8LIJLML,nonterminal,JJJJ LLLL,0.008733624454148471
1001,n8LIJLML,nonterminal,MMMM KKKK,0.026200873362445413
1002,n8LIJLML,nonterminal,KKKK IIII,0.043668122270742356
1003,n8LIK,nonterminal,IIII n8LIKI,1.0
1004,n8LIKI,nonterminal,LLLL n8LIKIL,0.7440559440559441
1005,n8LIKI,nonterminal,OOOO n8LIKIO,0.2097902097902098
1006,n8LIKI,nonterminal,IIII n8LIKII,0.046153846153846156
1007,n8LIKII,nonterminal,LLLL n8LIKIIL,1.0
1008,n8LIKIIL,nonterminal,KKKK IIII,0.696969696969697
1009,n8LIKIIL,nonterminal,KKKK JJJJ,0.15151515151515152
1010,n8LIKIIL,nonterminal,KKKK KKKK,0.09090909090909091
1011,n8LIKIIL,nonterminal,KKKK MMMM,0.06060606060606061
1012,n8LIKIO,nonterminal,KKKK n8LIKIOK,1.0
1013,n8LIKIOK,nonterminal,JJJJ MMMM,0.12666666666666668
1014,n8LIKIOK,nonterminal,JJJJ IIII,0.04
1015,n8LIKIOK,nonterminal,JJJJ JJJJ,0.03333333333333333
1016,n8LIKIOK,nonterminal,IIII MMMM,0.16666666666666666
1017,n8LIKIOK,nonterminal,IIII IIII,0.2866666666666667
1018,n8LIKIOK,nonterminal,IIII JJJJ,0.12666666666666668
1019,n8LIKIOK,nonterminal,IIII KKKK,0.03333333333333333
1020,n8LIKIOK,nonterminal,MMMM LLLL,0.12
1021,n8LIKIOK,nonterminal,MMMM KKKK,0.013333333333333334
1022,n8LIKIOK,nonterminal,KKKK IIII,0.05333333333333334
1023,n8LIKIL,nonterminal,IIII n8LIKILI,0.5939849624060151
1024,n8LIKIL,nonterminal,KKKK n8LIKILK,0.07894736842105263
1025,n8LIKIL,nonterminal,JJJJ n8LIKILJ,0.19172932330827067
1026,n8LIKIL,nonterminal,MMMM n8LIKILM,0.13533834586466165
1027,n8LIKILM,nonterminal,LLLL JJJJ,0.1388888888888889
1028,n8LIKILM,nonterminal,LLLL IIII,0.6805555555555556
1029,n8LIKILM,nonterminal,LLLL MMMM,0.027777777777777776
1030,n8LIKILM,nonterminal,KKKK OOOO,0.1111111111111111
1031,n8LIKILM,nonterminal,KKKK IIII,0.041666666666666664
1032,n8LIKILJ,nonterminal,JJJJ MMMM,0.06862745098039216
1033,n8LIKILJ,nonterminal,MMMM KKKK,0.7647058823529411
1034,n8LIKILJ,nonterminal,MMMM LLLL,0.0196078431372549
1035,n8LIKILJ,nonterminal,IIII MMMM,0.058823529411764705
1036,n8LIKILJ,nonterminal,IIII IIII,0.058823529411764705
1037,n8LIKILJ,nonterminal,IIII JJJJ,0.029411764705882353
1038,n8LIKILK,nonterminal,IIII MMMM,0.8095238095238095
1039,n8LIKILK,nonterminal,IIII IIII,0.14285714285714285
1040,n8LIKILK,nonterminal,IIII JJJJ,0.047619047619047616
1041,n8LIKILI,nonterminal,JJJJ LLLL,0.14556962025316456
1042,n8LIKILI,nonterminal,JJJJ OOOO,0.0379746835443038
1043,n8LIKILI,nonterminal,IIII KKKK,0.07278481012658228
1044,n8LIKILI,nonterminal,IIII JJJJ,0.4240506329113924
1045,n8LIKILI,nonterminal,KKKK IIII,0.03164556962025317
1046,n8LIKILI,nonterminal,MMMM KKKK,0.2879746835443038
1047,n8LJ,nonterminal,LLLL n8LJL,0.20375521557719053
1048,n8LJ,nonterminal,MMMM n8LJM,0.7962447844228094
1049,n8LJM,nonterminal,KKKK n8LJMK,1.0
1050,n8LJMK,nonterminal,IIII n8LJMKI,0.33013100436681225
1051,n8LJMK,nonterminal,MMMM n8LJMKM,0.3231441048034934
1052,n8LJMK,nonterminal,KKKK n8LJMKK,0.14323144104803492
1053,n8LJMK,nonterminal,JJJJ n8LJMKJ,0.2034934497816594
1054,n8LJMKJ,nonterminal,IIII n8LJMKJI,0.5450643776824035
1055,n8LJMKJ,nonterminal,LLLL n8LJMKJL,0.14163090128755365
1056,n8LJMKJ,nonterminal,KKKK n8LJMKJK,0.017167381974248927
1057,n8LJMKJ,nonterminal,JJJJ n8LJMKJJ,0.1759656652360515
1058,n8LJMKJ,nonterminal,MMMM n8LJMKJM,0.12017167381974249
1059,n8LJMKJM,nonterminal,LLLL JJJJ,0.07142857142857142
1060,n8LJMKJM,nonterminal,LLLL IIII,0.7857142857142857
1061,n8LJMKJM,nonterminal,KKKK OOOO,0.14285714285714285
1062,n8LJMKJJ,nonterminal,IIII JJJJ,0.07317073170731707
1063,n8LJMKJJ,nonterminal,IIII MMMM,0.07317073170731707
1064,n8LJMKJJ,nonterminal,IIII IIII,0.04878048780487805
1065,n8LJMKJJ,nonterminal,MMMM KKKK,0.6829268292682927
1066,n8LJMKJJ,nonterminal,JJJJ MMMM,0.04878048780487805
1067,n8LJMKJJ,nonterminal,LLLL OOOO,0.07317073170731707
1068,n8LJMKJK,nonterminal,IIII MMMM,0.5
1069,n8LJMKJK,nonterminal,IIII IIII,0.5
1070,n8LJMKJL,nonterminal,OOOO KKKK,0.8787878787878788
1071,n8LJMKJL,nonterminal,IIII LLLL,0.12121212121212122
1072,n8LJMKJI,nonterminal,KKKK IIII,0.07086614173228346
1073,n8LJMKJI,nonterminal,IIII KKKK,0.07874015748031496
1074,n8LJMKJI,nonterminal,IIII JJJJ,0.33858267716535434
1075,n8LJMKJI,nonterminal,MMMM KKKK,0.33070866141732286
1076,n8LJMKJI,nonterminal,JJJJ LLLL,0.11811023622047244
1077,n8LJMKJI,nonterminal,JJJJ IIII,0.015748031496062992
1078,n8LJMKJI,nonterminal,JJJJ OOOO,0.047244094488188976
1079,n8LJMKK,nonterminal,IIII n8LJMKKI,1.0
1080,n8LJMKKI,nonterminal,MMMM KKKK,0.6402439024390244
1081,n8LJMKKI,nonterminal,MMMM LLLL,0.024390243902439025
1082,n8LJMKKI,nonterminal,IIII IIII,0.06707317073170732
1083,n8LJMKKI,nonterminal,IIII JJJJ,0.06097560975609756
1084,n8LJMKKI,nonterminal,IIII MMMM,0.06097560975609756
1085,n8LJMKKI,nonterminal,IIII KKKK,0.018292682926829267
1086,n8LJMKKI,nonterminal,LLLL OOOO,0.036585365853658534
1087,n8LJMKKI,nonterminal,LLLL IIII,0.012195121951219513
1088,n8LJMKKI,nonterminal,JJJJ MMMM,0.054878048780487805
1089,n8LJMKKI,nonterminal,JJJJ IIII,0.012195121951219513
1090,n8LJMKKI,nonterminal,KKKK IIII,0.012195121951219513
1091,n8LJMKM,nonterminal,LLLL n8LJMKML,0.8351351351351352
1092,n8LJMKM,nonterminal,KKKK n8LJMKMK,0.16486486486486487
1093,n8LJMKMK,nonterminal,OOOO KKKK,0.8524590163934426
1094,n8LJMKMK,nonterminal,IIII LLLL,0.14754098360655737
1095,n8LJMKML,nonterminal,IIII IIII,0.284789644012945
1096,n8LJMKML,nonterminal,IIII MMMM,0.2621359223300971
1097,n8LJMKML,nonterminal,IIII JJJJ,0.13915857605177995
1098,n8LJMKML,nonterminal,IIII KKKK,0.045307443365695796
1099,n8LJMKML,nonterminal,KKKK IIII,0.05501618122977346
1100,n8LJMKML,nonterminal,JJJJ MMMM,0.18446601941747573
1101,n8LJMKML,nonterminal,JJJJ LLLL,0.009708737864077669
1102,n8LJMKML,nonterminal,MMMM KKKK,0.019417475728155338
1103,n8LJMKI,nonterminal,JJJJ n8LJMKIJ,0.24338624338624337
1104,n8LJMKI,nonterminal,KKKK n8LJMKIK,0.29365079365079366
1105,n8LJMKI,nonterminal,IIII n8LJMKII,0.46296296296296297
1106,n8LJMKII,nonterminal,KKKK IIII,1.0
1107,n8LJMKIK,nonterminal,IIII LLLL,0.7297297297297297
1108,n8LJMKIK,nonterminal,IIII OOOO,0.1981981981981982
1109,n8LJMKIK,nonterminal,IIII IIII,0.07207207207207207
1110,n8LJMKIJ,nonterminal,OOOO KKKK,0.8260869565217391
1111,n8LJMKIJ,nonterminal,IIII LLLL,0.17391304347826086
1112,n8LJL,nonterminal,OOOO n8LJLO,0.825938566552901
1113,n8LJL,nonterminal,IIII n8LJLI,0.17406143344709898
1114,n8LJLI,nonterminal,LLLL n8LJLIL,1.0
1115,n8LJLIL,nonterminal,KKKK n8LJLILK,1.0
1116,n8LJLILK,nonterminal,IIII MMMM,0.11764705882352941
1117,n8LJLILK,nonterminal,IIII JJJJ,0.1568627450980392
1118,n8LJLILK,nonterminal,IIII IIII,0.29411764705882354
1119,n8LJLILK,nonterminal,IIII KKKK,0.0392156862745098
1120,n8LJLILK,nonterminal,KKKK IIII,0.0784313725490196
1121,n8LJLILK,nonterminal,MMMM LLLL,0.17647058823529413
1122,n8LJLILK,nonterminal,JJJJ MMMM,0.0784313725490196
1123,n8LJLILK,nonterminal,JJJJ IIII,0.058823529411764705
1124,n8LJLO,nonterminal,KKKK n8LJLOK,1.0
1125,n8LJLOK,nonterminal,IIII n8LJLOKI,0.628099173553719
1126,n8LJLOK,nonterminal,JJJJ n8LJLOKJ,0.21074380165289255
1127,n8LJLOK,nonterminal,MMMM n8LJLOKM,0.11983471074380166
1128,n8LJLOK,nonterminal,KKKK n8LJLOKK,0.04132231404958678
1129,n8LJLOKK,nonterminal,IIII MMMM,0.8
1130,n8LJLOKK,nonterminal,IIII IIII,0.2
1131,n8LJLOKM,nonterminal,KKKK OOOO,0.3448275862068966
1132,n8LJLOKM,nonterminal,LLLL IIII,0.5862068965517241
1133,n8LJLOKM,nonterminal,LLLL JJJJ,0.06896551724137931
1134,n8LJLOKJ,nonterminal,IIII JJJJ,0.0392156862745098
1135,n8LJLOKJ,nonterminal,IIII IIII,0.0784313725490196
1136,n8LJLOKJ,nonterminal,IIII MMMM,0.0392156862745098
1137,n8LJLOKJ,nonterminal,MMMM KKKK,0.6862745098039216
1138,n8LJLOKJ,nonterminal,JJJJ MMMM,0.11764705882352941
1139,n8LJLOKJ,nonterminal,LLLL OOOO,0.0392156862745098
1140,n8LJLOKI,nonterminal,MMMM KKKK,0.28289473684210525
1141,n8LJLOKI,nonterminal,IIII JJJJ,0.40789473684210525
1142,n8LJLOKI,nonterminal,IIII KKKK,0.08552631578947369
1143,n8LJLOKI,nonterminal,KKKK IIII,0.03289473684210526
1144,n8LJLOKI,nonterminal,JJJJ LLLL,0.1513157894736842
1145,n8LJLOKI,nonterminal,JJJJ OOOO,0.019736842105263157
1146,n8LJLOKI,nonterminal,JJJJ IIII,0.019736842105263157
1147,n8LK,nonterminal,IIII n8LKI,1.0
1148,n8LKI,nonterminal,MMMM n8LKIM,0.9248554913294798
1149,n8LKI,nonterminal,LLLL n8LKIL,0.07514450867052024
1150,n8LKIL,nonterminal,OOOO n8LKILO,0.8
1151,n8LKIL,nonterminal,IIII n8LKILI,0.2
1152,n8LKILI,nonterminal,LLLL n8LKILIL,1.0
1153,n8LKILIL,nonterminal,KKKK IIII,0.6153846153846154
1154,n8LKILIL,nonterminal,KKKK MMMM,0.15384615384615385
1155,n8LKILIL,nonterminal,KKKK JJJJ,0.23076923076923078
1156,n8LKILO,nonterminal,KKKK n8LKILOK,1.0
1157,n8LKILOK,nonterminal,IIII JJJJ,0.11538461538461539
1158,n8LKILOK,nonterminal,IIII MMMM,0.23076923076923078
1159,n8LKILOK,nonterminal,IIII IIII,0.23076923076923078
1160,n8LKILOK,nonterminal,JJJJ MMMM,0.15384615384615385
1161,n8LKILOK,nonterminal,JJJJ IIII,0.038461538461538464
1162,n8LKILOK,nonterminal,MMMM KKKK,0.038461538461538464
1163,n8LKILOK,nonterminal,MMMM LLLL,0.11538461538461539
1164,n8LKILOK,nonterminal,KKKK IIII,0.07692307692307693
1165,n8LKIM,nonterminal,KKKK n8LKIMK,1.0
1166,n8LKIMK,nonterminal,IIII n8LKIMKI,0.65
1167,n8LKIMK,nonterminal,MMMM n8LKIMKM,0.1075
1168,n8LKIMK,nonterminal,JJJJ n8LKIMKJ,0.19
1169,n8LKIMK,nonterminal,KKKK n8LKIMKK,0.0525
1170,n8LKIMKK,nonterminal,IIII IIII,0.09523809523809523
1171,n8LKIMKK,nonterminal,IIII JJJJ,0.07142857142857142
1172,n8LKIMKK,nonterminal,IIII MMMM,0.7857142857142857
1173,n8LKIMKK,nonterminal,IIII LLLL,0.047619047619047616
1174,n8LKIMKJ,nonterminal,MMMM KKKK,0.7763157894736842
1175,n8LKIMKJ,nonterminal,MMMM LLLL,0.019736842105263157
1176,n8LKIMKJ,nonterminal,JJJJ MMMM,0.046052631578947366
1177,n8LKIMKJ,nonterminal,JJJJ JJJJ,0.013157894736842105
1178,n8LKIMKJ,nonterminal,LLLL IIII,0.013157894736842105
1179,n8LKIMKJ,nonterminal,IIII JJJJ,0.013157894736842105
1180,n8LKIMKJ,nonterminal,IIII KKKK,0.02631578947368421
1181,n8LKIMKJ,nonterminal,IIII IIII,0.039473684210526314
1182,n8LKIMKJ,nonterminal,IIII MMMM,0.02631578947368421
1183,n8LKIMKJ,nonterminal,KKKK IIII,0.02631578947368421
1184,n8LKIMKM,nonterminal,LLLL IIII,0.5581395348837209
1185,n8LKIMKM,nonterminal,LLLL MMMM,0.046511627906976744
1186,n8LKIMKM,nonterminal,LLLL KKKK,0.023255813953488372
1187,n8LKIMKM,nonterminal,LLLL JJJJ,0.19767441860465115
1188,n8LKIMKM,nonterminal,KKKK OOOO,0.1511627906976744
1189,n8LKIMKM,nonterminal,KKKK IIII,0.023255813953488372
1190,n8LKIMKI,nonterminal,JJJJ OOOO,0.032692307692307694
1191,n8LKIMKI,nonterminal,JJJJ LLLL,0.11730769230769231
1192,n8LKIMKI,nonterminal,JJJJ IIII,0.007692307692307693
1193,n8LKIMKI,nonterminal,IIII JJJJ,0.3923076923076923
1194,n8LKIMKI,nonterminal,IIII KKKK,0.09230769230769231
1195,n8LKIMKI,nonterminal,MMMM KKKK,0.3096153846153846
1196,n8LKIMKI,nonterminal,KKKK IIII,0.04807692307692308
1197,n8J,nonterminal,LLLL n8JL,0.07568418503269557
1198,n8J,nonterminal,MMMM n8JM,0.9241947202712522
1199,n8J,nonterminal,IIII n8JI,0.0001210946960523129
1200,n8JI,nonterminal,LLLL n8JIL,1.0
1201,n8JIL,nonterminal,LLLL n8JILL,1.0
1202,n8JILL,nonterminal,IIII n8JILLI,1.0
1203,n8JILLI,nonterminal,IIII n8JILLII,1.0
1204,n8JILLII,nonterminal,JJJJ MMMM,1.0
1205,n8JM,nonterminal,KKKK n8JMK,0.08732966457023061
1206,n8JM,nonterminal,LLLL n8JML,0.9126703354297694
1207,n8JML,nonterminal,KKKK n8JMLK,0.038116430981264805
1208,n8JML,nonterminal,JJJJ n8JMLJ,0.14456966477639796
1209,n8JML,nonterminal,LLLL n8JMLL,0.20493862608570812
1210,n8JML,nonterminal,IIII n8JMLI,0.5926351302849759
1211,n8JML,nonterminal,MMMM n8JMLM,0.01974014787165315
1212,n8JMLM,nonterminal,KKKK n8JMLMK,1.0
1213,n8JMLMK,nonterminal,OOOO n8JMLMKO,0.8254545454545454
1214,n8JMLMK,nonterminal,IIII n8JMLMKI,0.17454545454545456
1215,n8JMLMKI,nonterminal,LLLL KKKK,1.0
1216,n8JMLMKO,nonterminal,KKKK JJJJ,0.6211453744493393
1217,n8JMLMKO,nonterminal,KKKK IIII,0.16299559471365638
1218,n8JMLMKO,nonterminal,KKKK MMMM,0.0881057268722467
1219,n8JMLMKO,nonterminal,KKKK KKKK,0.1277533039647577
1220,n8JMLI,nonterminal,JJJJ n8JMLIJ,0.2028827519379845
1221,n8JMLI,nonterminal,MMMM n8JMLIM,0.29554263565891475
1222,n8JMLI,nonterminal,IIII n8JMLII,0.45469961240310075
1223,n8JMLI,nonterminal,KKKK n8JMLIK,0.046875
1224,n8JMLIK,nonterminal,IIII n8JMLIKI,1.0
1225,n8JMLIKI,nonterminal,LLLL IIII,0.12403100775193798
1226,n8JMLIKI,nonterminal,LLLL JJJJ,0.4444444444444444
1227,n8JMLIKI,nonterminal,LLLL MMMM,0.06718346253229975
1228,n8JMLIKI,nonterminal,LLLL KKKK,0.11886304909560723
1229,n8JMLIKI,nonterminal,OOOO KKKK,0.20155038759689922
1230,n8JMLIKI,nonterminal,IIII LLLL,0.04392764857881137
1231,n8JMLII,nonterminal,JJJJ n8JMLIIJ,0.8031433137986148
1232,n8JMLII,nonterminal,KKKK n8JMLIIK,0.1968566862013852
1233,n8JMLIIK,nonterminal,IIII JJJJ,0.6170500676589986
1234,n8JMLIIK,nonterminal,IIII MMMM,0.08389715832205684
1235,n8JMLIIK,nonterminal,IIII KKKK,0.17320703653585928
1236,n8JMLIIK,nonterminal,IIII IIII,0.12584573748308525
1237,n8JMLIIJ,nonterminal,JJJJ MMMM,0.5744610281923714
1238,n8JMLIIJ,nonterminal,JJJJ LLLL,0.041127694859038146
1239,n8JMLIIJ,nonterminal,KKKK IIII,0.1449419568822554
1240,n8JMLIIJ,nonterminal,IIII JJJJ,0.11708126036484245
1241,n8JMLIIJ,nonterminal,IIII KKKK,0.028192371475953566
1242,n8JMLIIJ,nonterminal,MMMM KKKK,0.09419568822553898
1243,n8JMLIM,nonterminal,KKKK n8JMLIMK,1.0
1244,n8JMLIMK,nonterminal,JJJJ MMMM,0.5721311475409836
1245,n8JMLIMK,nonterminal,JJJJ LLLL,0.046311475409836066
1246,n8JMLIMK,nonterminal,MMMM KKKK,0.08483606557377049
1247,n8JMLIMK,nonterminal,KKKK IIII,0.13729508196721313
1248,n8JMLIMK,nonterminal,IIII KKKK,0.028278688524590163
1249,n8JMLIMK,nonterminal,IIII JJJJ,0.13114754098360656
1250,n8JMLIJ,nonterminal,LLLL n8JMLIJL,0.7343283582089553
1251,n8JMLIJ,nonterminal,OOOO n8JMLIJO,0.2143283582089552
1252,n8JMLIJ,nonterminal,IIII n8JMLIJI,0.051343283582089554
1253,n8JMLIJI,nonterminal,LLLL KKKK,1.0
1254,n8JMLIJO,nonterminal,KKKK JJJJ,0.637883008356546
1255,n8JMLIJO,nonterminal,KKKK KKKK,0.1392757660167131
1256,n8JMLIJO,nonterminal,KKKK IIII,0.1615598885793872
1257,n8JMLIJO,nonterminal,KKKK MMMM,0.06128133704735376
1258,n8JMLIJL,nonterminal,JJJJ MMMM,0.6105691056910569
1259,n8JMLIJL,nonterminal,JJJJ LLLL,0.04715447154471545
1260,n8JMLIJL,nonterminal,IIII JJJJ,0.1048780487804878
1261,n8JMLIJL,nonterminal,IIII KKKK,0.02032520325203252
1262,n8JMLIJL,nonterminal,KKKK IIII,0.13252032520325202
1263,n8JMLIJL,nonterminal,MMMM KKKK,0.08455284552845528
1264,n8JMLL,nonterminal,IIII n8JMLLI,0.7565674255691769
1265,n8JMLL,nonterminal,MMMM n8JMLLM,0.02626970227670753
1266,n8JMLL,nonterminal,KKKK n8JMLLK,0.03922942206654991
1267,n8JMLL,nonterminal,JJJJ n8JMLLJ,0.17793345008756567
1268,n8JMLLJ,nonterminal,LLLL n8JMLLJL,0.04921259842519685
1269,n8JMLLJ,nonterminal,MMMM n8JMLLJM,0.9507874015748031
1270,n8JMLLJM,nonterminal,KKKK MMMM,0.927536231884058
1271,n8JMLLJM,nonterminal,KKKK JJJJ,0.057971014492753624
1272,n8JMLLJM,nonterminal,KKKK KKKK,0.014492753623188406
1273,n8JMLLJL,nonterminal,OOOO KKKK,0.88
1274,n8JMLLJL,nonterminal,IIII LLLL,0.12
1275,n8JMLLK,nonterminal,IIII n8JMLLKI,1.0
1276,n8JMLLKI,nonterminal,MMMM KKKK,0.9375
1277,n8JMLLKI,nonterminal,LLLL IIII,0.017857142857142856
1278,n8JMLLKI,nonterminal,LLLL OOOO,0.044642857142857144
1279,n8JMLLM,nonterminal,KKKK n8JMLLMK,1.0
1280,n8JMLLMK,nonterminal,OOOO KKKK,0.8266666666666667
1281,n8JMLLMK,nonterminal,IIII LLLL,0.17333333333333334
1282,n8JMLLI,nonterminal,IIII n8JMLLII,0.4513888888888889
1283,n8JMLLI,nonterminal,MMMM n8JMLLIM,0.30787037037037035
1284,n8JMLLI,nonterminal,JJJJ n8JMLLIJ,0.19583333333333333
1285,n8JMLLI,nonterminal,KKKK n8JMLLIK,0.04490740740740741
1286,n8JMLLIK,nonterminal,IIII LLLL,0.7010309278350515
1287,n8JMLLIK,nonterminal,IIII OOOO,0.29896907216494845
1288,n8JMLLIJ,nonterminal,OOOO KKKK,0.17966903073286053
1289,n8JMLLIJ,nonterminal,LLLL JJJJ,0.06619385342789598
1290,n8JMLLIJ,nonterminal,LLLL MMMM,0.7021276595744681
1291,n8JMLLIJ,nonterminal,LLLL KKKK,0.0070921985815602835
1292,n8JMLLIJ,nonterminal,IIII LLLL,0.04491725768321513
1293,n8JMLLIM,nonterminal,KKKK MMMM,0.9338345864661655
1294,n8JMLLIM,nonterminal,KKKK JJJJ,0.05112781954887218
1295,n8JMLLIM,nonterminal,KKKK KKKK,0.015037593984962405
1296,n8JMLLII,nonterminal,JJJJ MMMM,0.7538461538461538
1297,n8JMLLII,nonterminal,JJJJ KKKK,0.011282051282051283
1298,n8JMLLII,nonterminal,JJJJ JJJJ,0.035897435897435895
1299,n8JMLLII,nonterminal,KKKK IIII,0.19897435897435897
1300,n8JMLJ,nonterminal,MMMM n8JMLJM,0.9235352532274081
1301,n8JMLJ,nonterminal,LLLL n8JMLJL,0.07646474677259185
1302,n8JMLJL,nonterminal,OOOO n8JMLJLO,0.8506493506493507
1303,n8JMLJL,nonterminal,IIII n8JMLJLI,0.14935064935064934
1304,n8JMLJLI,nonterminal,LLLL KKKK,1.0
1305,n8JMLJLO,nonterminal,KKKK JJJJ,0.6793893129770993
1306,n8JMLJLO,nonterminal,KKKK IIII,0.12213740458015267
1307,n8JMLJLO,nonterminal,KKKK KKKK,0.10687022900763359
1308,n8JMLJLO,nonterminal,KKKK MMMM,0.0916030534351145
1309,n8JMLJM,nonterminal,KKKK n8JMLJMK,1.0
1310,n8JMLJMK,nonterminal,MMMM KKKK,0.1043010752688172
1311,n8JMLJMK,nonterminal,JJJJ MMMM,0.5580645161290323
1312,n8JMLJMK,nonterminal,JJJJ LLLL,0.04247311827956989
1313,n8JMLJMK,nonterminal,KKKK IIII,0.13978494623655913
1314,n8JMLJMK,nonterminal,IIII KKKK,0.03602150537634408
1315,n8JMLJMK,nonterminal,IIII JJJJ,0.11935483870967742
1316,n8JMLK,nonterminal,IIII n8JMLKI,1.0
1317,n8JMLKI,nonterminal,MMMM n8JMLKIM,0.9020715630885122
1318,n8JMLKI,nonterminal,LLLL n8JMLKIL,0.09792843691148775
1319,n8JMLKIL,nonterminal,OOOO KKKK,0.7884615384615384
1320,n8JMLKIL,nonterminal,IIII LLLL,0.21153846153846154
1321,n8JMLKIM,nonterminal,KKKK IIII,0.12734864300626306
1322,n8JMLKIM,nonterminal,KKKK JJJJ,0.6200417536534447
1323,n8JMLKIM,nonterminal,KKKK MMMM,0.08768267223382047
1324,n8JMLKIM,nonterminal,KKKK KKKK,0.1649269311064718
1325,n8JMK,nonterminal,KKKK n8JMKK,0.12978244561140284
1326,n8JMK,nonterminal,JJJJ n8JMKJ,0.6241560390097525
1327,n8JMK,nonterminal,IIII n8JMKI,0.16279069767441862
1328,n8JMK,nonterminal,MMMM n8JMKM,0.08327081770442611
1329,n8JMKM,nonterminal,KKKK n8JMKMK,1.0
1330,n8JMKMK,nonterminal,IIII n8JMKMKI,0.16216216216216217
1331,n8JMKMK,nonterminal,OOOO n8JMKMKO,0.8378378378378378
1332,n8JMKMKO,nonterminal,LLLL JJJJ,0.21505376344086022
1333,n8JMKMKO,nonterminal,LLLL IIII,0.7204301075268817
1334,n8JMKMKO,nonterminal,LLLL MMMM,0.043010752688172046
1335,n8JMKMKO,nonterminal,LLLL KKKK,0.021505376344086023
1336,n8JMKMKI,nonterminal,LLLL LLLL,1.0
1337,n8JMKI,nonterminal,JJJJ n8JMKIJ,0.8064516129032258
1338,n8JMKI,nonterminal,KKKK n8JMKIK,0.1935483870967742
1339,n8JMKIK,nonterminal,IIII n8JMKIKI,1.0
1340,n8JMKIKI,nonterminal,OOOO LLLL,0.7142857142857143
1341,n8JMKIKI,nonterminal,IIII LLLL,0.2857142857142857
1342,n8JMKIJ,nonterminal,OOOO n8JMKIJO,0.7942857142857143
1343,n8JMKIJ,nonterminal,IIII n8JMKIJI,0.2057142857142857
1344,n8JMKIJI,nonterminal,LLLL LLLL,1.0
1345,n8JMKIJO,nonterminal,LLLL IIII,0.7769784172661871
1346,n8JMKIJO,nonterminal,LLLL KKKK,0.02877697841726619
1347,n8JMKIJO,nonterminal,LLLL JJJJ,0.19424460431654678
1348,n8JMKJ,nonterminal,MMMM n8JMKJM,0.8966346153846154
1349,n8JMKJ,nonterminal,LLLL n8JMKJL,0.10336538461538461
1350,n8JMKJL,nonterminal,OOOO n8JMKJLO,0.872093023255814
1351,n8JMKJL,nonterminal,IIII n8JMKJLI,0.12790697674418605
1352,n8JMKJLI,nonterminal,LLLL LLLL,1.0
1353,n8JMKJLO,nonterminal,LLLL IIII,0.72
1354,n8JMKJLO,nonterminal,LLLL KKKK,0.04
1355,n8JMKJLO,nonterminal,LLLL JJJJ,0.24
1356,n8JMKJM,nonterminal,LLLL n8JMKJML,0.9973190348525469
1357,n8JMKJM,nonterminal,KKKK n8JMKJMK,0.002680965147453083
1358,n8JMKJMK,nonterminal,JJJJ MMMM,1.0
1359,n8JMKJML,nonterminal,IIII IIII,0.3763440860215054
1360,n8JMKJML,nonterminal,IIII MMMM,0.24193548387096775
1361,n8JMKJML,nonterminal,IIII JJJJ,0.12768817204301075
1362,n8JMKJML,nonterminal,IIII KKKK,0.030913978494623656
1363,n8JMKJML,nonterminal,MMMM KKKK,0.01747311827956989
1364,n8JMKJML,nonterminal,JJJJ MMMM,0.14919354838709678
1365,n8JMKJML,nonterminal,JJJJ LLLL,0.010752688172043012
1366,n8JMKJML,nonterminal,KKKK IIII,0.0456989247311828
1367,n8JMKK,nonterminal,IIII n8JMKKI,1.0
1368,n8JMKKI,nonterminal,MMMM n8JMKKIM,0.9710982658959537
1369,n8JMKKI,nonterminal,LLLL n8JMKKIL,0.028901734104046242
1370,n8JMKKIL,nonterminal,OOOO LLLL,1.0
1371,n8JMKKIM,nonterminal,LLLL IIII,0.75
1372,n8JMKKIM,nonterminal,LLLL JJJJ,0.18452380952380953
1373,n8JMKKIM,nonterminal,LLLL KKKK,0.03571428571428571
1374,n8JMKKIM,nonterminal,LLLL MMMM,0.02976190476190476
1375,n8JL,nonterminal,OOOO n8JLO,0.8136
1376,n8JL,nonterminal,IIII n8JLI,0.1864
1377,n8JLI,nonterminal,LLLL n8JLIL,1.0
1378,n8JLIL,nonterminal,KKKK n8JLILK,0.05150214592274678
1379,n8JLIL,nonterminal,LLLL n8JLILL,0.9484978540772532
1380,n8JLILL,nonterminal,IIII n8JLILLI,0.5972850678733032
1381,n8JLILL,nonterminal,JJJJ n8JLILLJ,0.14027149321266968
1382,n8JLILL,nonterminal,LLLL n8JLILLL,0.18552036199095023
1383,n8JLILL,nonterminal,KKKK n8JLILLK,0.04524886877828054
1384,n8JLILL,nonterminal,MMMM n8JLILLM,0.03167420814479638
1385,n8JLILLM,nonterminal,KKKK OOOO,0.7142857142857143
1386,n8JLILLM,nonterminal,KKKK IIII,0.2857142857142857
1387,n8JLILLK,nonterminal,IIII MMMM,1.0
1388,n8JLILLL,nonterminal,IIII IIII,0.4146341463414634
1389,n8JLILLL,nonterminal,IIII MMMM,0.2682926829268293
1390,n8JLILLL,nonterminal,IIII JJJJ,0.21951219512195122
1391,n8JLILLL,nonterminal,JJJJ MMMM,0.0975609756097561
1392,n8JLILLJ,nonterminal,MMMM KKKK,0.9032258064516129
1393,n8JLILLJ,nonterminal,LLLL OOOO,0.0967741935483871
1394,n8JLILLI,nonterminal,MMMM KKKK,0.2727272727272727
1395,n8JLILLI,nonterminal,IIII JJJJ,0.3560606060606061
1396,n8JLILLI,nonterminal,IIII KKKK,0.06060606060606061
1397,n8JLILLI,nonterminal,JJJJ LLLL,0.2196969696969697
1398,n8JLILLI,nonterminal,JJJJ OOOO,0.030303030303030304
1399,n8JLILLI,nonterminal,KKKK IIII,0.06060606060606061
1400,n8JLILK,nonterminal,JJJJ n8JLILKJ,0.5833333333333334
1401,n8JLILK,nonterminal,KKKK n8JLILKK,0.25
1402,n8JLILK,nonterminal,IIII n8JLILKI,0.16666666666666666
1403,n8JLILKI,nonterminal,JJJJ IIII,1.0
1404,n8JLILKK,nonterminal,IIII MMMM,1.0
1405,n8JLILKJ,nonterminal,MMMM LLLL,1.0
1406,n8JLO,nonterminal,KKKK n8JLOK,0.09046214355948869
1407,n8JLO,nonterminal,LLLL n8JLOL,0.9095378564405113
1408,n8JLOL,nonterminal,KKKK n8JLOLK,0.04756756756756757
1409,n8JLOL,nonterminal,IIII n8JLOLI,0.5718918918918919
1410,n8JLOL,nonterminal,LLLL n8JLOLL,0.1945945945945946
1411,n8JLOL,nonterminal,JJJJ n8JLOLJ,0.16864864864864865
1412,n8JLOL,nonterminal,MMMM n8JLOLM,0.017297297297297298
1413,n8JLOLM,nonterminal,KKKK n8JLOLMK,1.0
1414,n8JLOLMK,nonterminal,OOOO KKKK,0.75
1415,n8JLOLMK,nonterminal,IIII LLLL,0.25
1416,n8JLOLJ,nonterminal,MMMM n8JLOLJM,0.9358974358974359
1417,n8JLOLJ,nonterminal,LLLL n8JLOLJL,0.0641025641025641
1418,n8JLOLJL,nonterminal,OOOO KKKK,0.7
1419,n8JLOLJL,nonterminal,IIII LLLL,0.3
1420,n8JLOLJM,nonterminal,KKKK MMMM,0.11643835616438356
1421,n8JLOLJM,nonterminal,KKKK JJJJ,0.589041095890411
1422,n8JLOLJM,nonterminal,KKKK KKKK,0.136986301369863
1423,n8JLOLJM,nonterminal,KKKK IIII,0.15753424657534246
1424,n8JLOLL,nonterminal,IIII n8JLOLLI,0.7888888888888889
1425,n8JLOLL,nonterminal,JJJJ n8JLOLLJ,0.15
1426,n8JLOLL,nonterminal,KKKK n8JLOLLK,0.05
1427,n8JLOLL,nonterminal,MMMM n8JLOLLM,0.011111111111111112
1428,n8JLOLLM,nonterminal,KKKK OOOO,1.0
1429,n8JLOLLK,nonterminal,IIII MMMM,1.0
1430,n8JLOLLJ,nonterminal,MMMM KKKK,1.0
1431,n8JLOLLI,nonterminal,IIII KKKK,0.07042253521126761
1432,n8JLOLLI,nonterminal,IIII JJJJ,0.4154929577464789
1433,n8JLOLLI,nonterminal,JJJJ LLLL,0.11267605633802817
1434,n8JLOLLI,nonterminal,JJJJ OOOO,0.06338028169014084
1435,n8JLOLLI,nonterminal,JJJJ IIII,0.014084507042253521
1436,n8JLOLLI,nonterminal,MMMM KKKK,0.29577464788732394
1437,n8JLOLLI,nonterminal,KKKK IIII,0.028169014084507043
1438,n8JLOLI,nonterminal,IIII n8JLOLII,0.444234404536862
1439,n8JLOLI,nonterminal,MMMM n8JLOLIM,0.30245746691871456
1440,n8JLOLI,nonterminal,JJJJ n8JLOLIJ,0.20415879017013233
1441,n8JLOLI,nonterminal,KKKK n8JLOLIK,0.04914933837429111
1442,n8JLOLIK,nonterminal,IIII OOOO,0.23076923076923078
1443,n8JLOLIK,nonterminal,IIII LLLL,0.7692307692307693
1444,n8JLOLIJ,nonterminal,LLLL IIII,0.10185185185185185
1445,n8JLOLIJ,nonterminal,LLLL JJJJ,0.4444444444444444
1446,n8JLOLIJ,nonterminal,LLLL MMMM,0.1111111111111111
1447,n8JLOLIJ,nonterminal,LLLL KKKK,0.1111111111111111
1448,n8JLOLIJ,nonterminal,OOOO KKKK,0.2037037037037037
1449,n8JLOLIJ,nonterminal,IIII LLLL,0.027777777777777776
1450,n8JLOLIM,nonterminal,KKKK JJJJ,0.6625
1451,n8JLOLIM,nonterminal,KKKK KKKK,0.14375
1452,n8JLOLIM,nonterminal,KKKK IIII,0.11875
1453,n8JLOLIM,nonterminal,KKKK MMMM,0.075
1454,n8JLOLII,nonterminal,KKKK IIII,0.19148936170212766
1455,n8JLOLII,nonterminal,JJJJ JJJJ,0.5148936170212766
1456,n8JLOLII,nonterminal,JJJJ MMMM,0.06382978723404255
1457,n8JLOLII,nonterminal,JJJJ IIII,0.10212765957446808
1458,n8JLOLII,nonterminal,JJJJ KKKK,0.1276595744680851
1459,n8JLOLK,nonterminal,IIII n8JLOLKI,1.0
1460,n8JLOLKI,nonterminal,MMMM KKKK,0.9090909090909091
1461,n8JLOLKI,nonterminal,LLLL OOOO,0.09090909090909091
1462,n8JLOK,nonterminal,JJJJ n8JLOKJ,0.6521739130434783
1463,n8JLOK,nonterminal,IIII n8JLOKI,0.14130434782608695
1464,n8JLOK,nonterminal,KKKK n8JLOKK,0.17391304347826086
1465,n8JLOK,nonterminal,MMMM n8JLOKM,0.03260869565217391
1466,n8JLOKM,nonterminal,KKKK n8JLOKMK,1.0
1467,n8JLOKMK,nonterminal,OOOO LLLL,1.0
1468,n8JLOKK,nonterminal,IIII n8JLOKKI,1.0
1469,n8JLOKKI,nonterminal,MMMM LLLL,1.0
1470,n8JLOKI,nonterminal,JJJJ n8JLOKIJ,1.0
1471,n8JLOKIJ,nonterminal,OOOO LLLL,1.0
1472,n8JLOKJ,nonterminal,MMMM n8JLOKJM,1.0
1473,n8JLOKJM,nonterminal,LLLL IIII,0.7833333333333333
1474,n8JLOKJM,nonterminal,LLLL JJJJ,0.16666666666666666
1475,n8JLOKJM,nonterminal,LLLL KKKK,0.05
1476,n8K,nonterminal,IIII n8KI,1.0
1477,n8KI,nonterminal,LLLL n8KIL,0.06622851365015167
1478,n8KI,nonterminal,MMMM n8KIM,0.9337714863498483
1479,n8KIM,nonterminal,LLLL n8KIML,0.9112073632918246
1480,n8KIM,nonterminal,KKKK n8KIMK,0.08879263670817542
1481,n8KIMK,nonterminal,JJJJ n8KIMKJ,0.6280487804878049
1482,n8KIMK,nonterminal,MMMM n8KIMKM,0.08536585365853659
1483,n8KIMK,nonterminal,IIII n8KIMKI,0.11280487804878049
1484,n8KIMK,nonterminal,KKKK n8KIMKK,0.17378048780487804
1485,n8KIMKK,nonterminal,IIII n8KIMKKI,1.0
1486,n8KIMKKI,nonterminal,MMMM LLLL,0.9122807017543859
1487,n8KIMKKI,nonterminal,LLLL OOOO,0.08771929824561403
1488,n8KIMKI,nonterminal,JJJJ n8KIMKIJ,0.8378378378378378
1489,n8KIMKI,nonterminal,KKKK n8KIMKIK,0.16216216216216217
1490,n8KIMKIK,nonterminal,IIII OOOO,1.0
1491,n8KIMKIJ,nonterminal,OOOO LLLL,0.7419354838709677
1492,n8KIMKIJ,nonterminal,IIII LLLL,0.25806451612903225
1493,n8KIMKM,nonterminal,KKKK n8KIMKMK,1.0
1494,n8KIMKMK,nonterminal,OOOO LLLL,0.75
1495,n8KIMKMK,nonterminal,IIII LLLL,0.25
1496,n8KIMKJ,nonterminal,MMMM n8KIMKJM,0.9563106796116505
1497,n8KIMKJ,nonterminal,LLLL n8KIMKJL,0.043689320388349516
1498,n8KIMKJL,nonterminal,OOOO LLLL,1.0
1499,n8KIMKJM,nonterminal,LLLL IIII,0.7157360406091371
1500,n8KIMKJM,nonterminal,LLLL KKKK,0.07106598984771574
1501,n8KIMKJM,nonterminal,LLLL JJJJ,0.18274111675126903
1502,n8KIMKJM,nonterminal,LLLL MMMM,0.030456852791878174
1503,n8KIML,nonterminal,JJJJ n8KIMLJ,0.15894236482471777
1504,n8KIML,nonterminal,IIII n8KIMLI,0.5894236482471776
1505,n8KIML,nonterminal,LLLL n8KIMLL,0.19310754604872252
1506,n8KIML,nonterminal,MMMM n8KIMLM,0.018122400475341652
1507,n8KIML,nonterminal,KKKK n8KIMLK,0.04040404040404041
1508,n8KIMLK,nonterminal,IIII n8KIMLKI,1.0
1509,n8KIMLKI,nonterminal,MMMM KKKK,0.9044117647058824
1510,n8KIMLKI,nonterminal,LLLL OOOO,0.08088235294117647
1511,n8KIMLKI,nonterminal,LLLL IIII,0.014705882352941176
1512,n8KIMLM,nonterminal,KKKK n8KIMLMK,1.0
1513,n8KIMLMK,nonterminal,OOOO KKKK,0.8524590163934426
1514,n8KIMLMK,nonterminal,IIII LLLL,0.14754098360655737
1515,n8KIMLL,nonterminal,IIII n8KIMLLI,0.7692307692307693
1516,n8KIMLL,nonterminal,JJJJ n8KIMLLJ,0.17692307692307693
1517,n8KIMLL,nonterminal,MMMM n8KIMLLM,0.012307692307692308
1518,n8KIMLL,nonterminal,KKKK n8KIMLLK,0.04153846153846154
1519,n8KIMLLK,nonterminal,IIII MMMM,0.8888888888888888
1520,n8KIMLLK,nonterminal,IIII LLLL,0.1111111111111111
1521,n8KIMLLM,nonterminal,KKKK OOOO,1.0
1522,n8KIMLLJ,nonterminal,MMMM KKKK,0.9478260869565217
1523,n8KIMLLJ,nonterminal,LLLL OOOO,0.05217391304347826
1524,n8KIMLLI,nonterminal,JJJJ IIII,0.01
1525,n8KIMLLI,nonterminal,JJJJ OOOO,0.042
1526,n8KIMLLI,nonterminal,JJJJ LLLL,0.168
1527,n8KIMLLI,nonterminal,IIII JJJJ,0.346
1528,n8KIMLLI,nonterminal,IIII KKKK,0.122
1529,n8KIMLLI,nonterminal,KKKK IIII,0.044
1530,n8KIMLLI,nonterminal,MMMM KKKK,0.268
1531,n8KIMLI,nonterminal,MMMM n8KIMLIM,0.27923387096774194
1532,n8KIMLI,nonterminal,JJJJ n8KIMLIJ,0.20161290322580644
1533,n8KIMLI,nonterminal,IIII n8KIMLII,0.4747983870967742
1534,n8KIMLI,nonterminal,KKKK n8KIMLIK,0.04435483870967742
1535,n8KIMLIK,nonterminal,IIII LLLL,0.7613636363636364
1536,n8KIMLIK,nonterminal,IIII OOOO,0.1590909090909091
1537,n8KIMLIK,nonterminal,IIII IIII,0.07954545454545454
1538,n8KIMLII,nonterminal,JJJJ JJJJ,0.49150743099787686
1539,n8KIMLII,nonterminal,JJJJ IIII,0.11358811040339703
1540,n8KIMLII,nonterminal,JJJJ KKKK,0.1305732484076433
1541,n8KIMLII,nonterminal,JJJJ MMMM,0.07537154989384288
1542,n8KIMLII,nonterminal,KKKK IIII,0.18895966029723993
1543,n8KIMLIJ,nonterminal,LLLL KKKK,0.09
1544,n8KIMLIJ,nonterminal,LLLL JJJJ,0.48
1545,n8KIMLIJ,nonterminal,LLLL IIII,0.095
1546,n8KIMLIJ,nonterminal,LLLL MMMM,0.0475
1547,n8KIMLIJ,nonterminal,OOOO KKKK,0.24
1548,n8KIMLIJ,nonterminal,IIII LLLL,0.0475
1549,n8KIMLIM,nonterminal,KKKK IIII,0.15342960288808663
1550,n8KIMLIM,nonterminal,KKKK KKKK,0.14981949458483754
1551,n8KIMLIM,nonterminal,KKKK JJJJ,0.6064981949458483
1552,n8KIMLIM,nonterminal,KKKK MMMM,0.09025270758122744
1553,n8KIMLJ,nonterminal,MMMM n8KIMLJM,0.914018691588785
1554,n8KIMLJ,nonterminal,LLLL n8KIMLJL,0.08598130841121496
1555,n8KIMLJL,nonterminal,OOOO KKKK,0.8478260869565217
1556,n8KIMLJL,nonterminal,IIII LLLL,0.15217391304347827
1557,n8KIMLJM,nonterminal,KKKK JJJJ,0.6155419222903885
1558,n8KIMLJM,nonterminal,KKKK MMMM,0.09202453987730061
1559,n8KIMLJM,nonterminal,KKKK KKKK,0.147239263803681
1560,n8KIMLJM,nonterminal,KKKK IIII,0.14519427402862986
1561,n8KIL,nonterminal,OOOO n8KILO,0.8129770992366412
1562,n8KIL,nonterminal,IIII n8KILI,0.18702290076335878
1563,n8KILI,nonterminal,LLLL n8KILIL,1.0
1564,n8KILIL,nonterminal,LLLL n8KILILL,0.9387755102040817
1565,n8KILIL,nonterminal,KKKK n8KILILK,0.061224489795918366
1566,n8KILILK,nonterminal,JJJJ MMMM,1.0
1567,n8KILILL,nonterminal,IIII IIII,0.41304347826086957
1568,n8KILILL,nonterminal,IIII MMMM,0.13043478260869565
1569,n8KILILL,nonterminal,IIII JJJJ,0.15217391304347827
1570,n8KILILL,nonterminal,IIII KKKK,0.043478260869565216
1571,n8KILILL,nonterminal,JJJJ MMMM,0.10869565217391304
1572,n8KILILL,nonterminal,LLLL IIII,0.15217391304347827
1573,n8KILO,nonterminal,LLLL n8KILOL,0.9014084507042254
1574,n8KILO,nonterminal,KKKK n8KILOK,0.09859154929577464
1575,n8KILOK,nonterminal,JJJJ n8KILOKJ,0.5714285714285714
1576,n8KILOK,nonterminal,KKKK n8KILOKK,0.19047619047619047
1577,n8KILOK,nonterminal,MMMM n8KILOKM,0.23809523809523808
1578,n8KILOKM,nonterminal,KKKK OOOO,1.0
1579,n8KILOKK,nonterminal,IIII MMMM,1.0
1580,n8KILOKJ,nonterminal,MMMM LLLL,1.0
1581,n8KILOL,nonterminal,LLLL n8KILOLL,0.19791666666666666
1582,n8KILOL,nonterminal,IIII n8KILOLI,0.6302083333333334
1583,n8KILOL,nonterminal,JJJJ n8KILOLJ,0.11979166666666667
1584,n8KILOL,nonterminal,KKKK n8KILOLK,0.026041666666666668
1585,n8KILOL,nonterminal,MMMM n8KILOLM,0.026041666666666668
1586,n8KILOLM,nonterminal,KKKK OOOO,1.0
1587,n8KILOLK,nonterminal,IIII MMMM,1.0
1588,n8KILOLJ,nonterminal,MMMM KKKK,0.9130434782608695
1589,n8KILOLJ,nonterminal,LLLL IIII,0.08695652173913043
1590,n8KILOLI,nonterminal,IIII JJJJ,0.33884297520661155
1591,n8KILOLI,nonterminal,IIII KKKK,0.11570247933884298
1592,n8KILOLI,nonterminal,JJJJ LLLL,0.2066115702479339
1593,n8KILOLI,nonterminal,JJJJ OOOO,0.03305785123966942
1594,n8KILOLI,nonterminal,MMMM KKKK,0.2892561983471074
1595,n8KILOLI,nonterminal,KKKK IIII,0.01652892561983471
1596,n8KILOLL,nonterminal,IIII IIII,0.2631578947368421
1597,n8KILOLL,nonterminal,IIII JJJJ,0.15789473684210525
1598,n8KILOLL,nonterminal,IIII MMMM,0.13157894736842105
1599,n8KILOLL,nonterminal,JJJJ MMMM,0.39473684210526316
1600,n8KILOLL,nonterminal,KKKK IIII,0.05263157894736842
